Wd,Wn,We,Wout,N,DC Gain,Freq Corte,SR
1e-06,3.2e-06,2.2e-06,5.4e-06,1,31.064598586360287,61659.50018614754,5805301.5
2.8e-06,7.8e-06,8.8e-06,7.8e-06,7,2107.951475659902,2290.8676527677576,12315195.0
4.8e-06,5.199999999999999e-06,9e-06,7.6e-06,8,2290.070560455855,2691.5348039268965,12587912.0
7.8e-06,5.199999999999999e-06,4.9999999999999996e-06,1.2e-06,6,48.277933558910604,144543.97707459095,7386915.0
8.2e-06,1e-06,8.2e-06,9e-06,8,830.2488226639043,6760.82975391976,8008984.0
1e-06,7.6e-06,2.4e-06,7.8e-06,9,0.5188037987095374,134896.2882591637,7999858.5
3.6e-06,5.6e-06,5.199999999999999e-06,8.2e-06,6,2108.954967532955,2398.832919019474,12009471.0
9e-06,6e-07,6.2e-06,4.2e-06,12,219.45709307017827,19952.62314968861,5758661.5
4.8e-06,9.8e-06,2.4e-06,2e-06,13,1.433764435200495,1737800.8287493472,1613294.8
6.4e-06,2.8e-06,2e-06,4.8e-06,8,0.42526634937864266,8128305.1616408415,4559731.0
8.8e-06,4e-07,7.6e-06,3.3999999999999996e-06,19,158.04812941204756,21877.61623949532,4306011.0
5.7999999999999995e-06,8e-06,7.8e-06,9e-06,1,2556.093117927766,2691.5348039268965,11878021.0
4.2e-06,6.5999999999999995e-06,9e-06,1.6e-06,7,42.817998840835344,151356.12484361892,5467101.0
4.8e-06,4.2e-06,1.2e-06,1.6e-06,10,2.6769898342652416,1288249.5516931135,2573899.8
8e-07,6.2e-06,5.4e-06,7.6e-06,6,1833.6412956699041,1202.2644346174059,6831032.0
5.199999999999999e-06,2.8e-06,4e-07,7.6e-06,14,0.09405395959105985,72443596.00749749,4024648.8
1.6e-06,7.2e-06,2e-06,4.8e-06,12,0.2580302989861164,15848931.924610823,391338.47
7e-06,6.799999999999999e-06,7.3999999999999995e-06,3e-06,16,803.3305939539318,8912.509381337379,14719163.0
1.4e-06,9e-06,6.799999999999999e-06,6e-07,9,31.48783130715093,181970.085860996,862167.94
7.6e-06,4.6e-06,6.799999999999999e-06,4e-06,4,1377.0859529220215,5248.0746024976825,11783987.0
6.4e-06,6e-07,1.8e-06,7.2e-06,5,0.5341817688304207,3388441.5613919664,5897474.5
5.199999999999999e-06,5.7999999999999995e-06,3.8e-06,4.2e-06,6,240.135641703362,3467.36850452529,12428871.0
9.8e-06,4e-07,9.8e-06,9.8e-06,18,324.96087433516533,11748.975549395193,5657996.0
6e-06,7e-06,8.2e-06,4e-06,18,1267.3910004440434,5370.317963702482,15000635.0
7.2e-06,7.8e-06,9e-06,6.799999999999999e-06,10,2057.743490554908,3630.7805477009856,14788160.0
8.4e-06,1.4e-06,2e-06,8e-07,7,5.916041854895547,812830.5161640865,9008547.0
5.4e-06,2.8e-06,3.8e-06,5.7999999999999995e-06,2,1199.2812085652424,2454.7089156850134,9978597.0
9e-06,2.4e-06,9.8e-06,8.8e-06,12,2677.117948499272,2691.5348039268965,11239249.0
6e-07,1.6e-06,6.2e-06,4.9999999999999996e-06,18,1172.5368767512705,1318.256738556399,4320090.0
1.8e-06,8e-07,4.6e-06,8.8e-06,10,470.8265952329802,5370.317963702482,5362794.5
1e-06,6.5999999999999995e-06,7.2e-06,1.4e-06,4,67.1083889609456,66069.34480075887,2126684.8
7.6e-06,4.8e-06,4.2e-06,4e-06,7,756.5598989839783,3388.441561392,12637825.0
5.199999999999999e-06,1.2e-06,8.2e-06,6.5999999999999995e-06,8,1081.8041817481487,4570.881896148713,8012997.5
9.6e-06,8.599999999999999e-06,5.6e-06,3.6e-06,8,1091.900279620278,7079.457843841318,14397901.0
8.4e-06,6.4e-06,1.2e-06,9.4e-06,6,0.19344612158768867,32359365.692962177,6395422.0
7.6e-06,5.6e-06,5.6e-06,8.8e-06,16,2363.837943144265,2951.209226666364,14586691.0
2.4e-06,1.2e-06,2e-06,7.8e-06,14,0.13788616142156543,38904514.499427274,574274.8
9.8e-06,4.4e-06,6e-07,3.8e-06,13,0.259338867830745,19952623.149688404,8389887.0
8.2e-06,7.3999999999999995e-06,6.2e-06,9.8e-06,7,2519.642870182406,3019.951720401994,14387479.0
3e-06,2.4e-06,1.4e-06,2.5999999999999997e-06,6,1.8924092180508212,1621810.0973589038,2028292.5
9e-06,1e-06,4.4e-06,5.4e-06,19,581.3466613367225,9332.54300796983,7901377.5
8.4e-06,2.2e-06,7.3999999999999995e-06,5.6e-06,7,1885.3518358392864,3630.7805477009856,10580814.0
6e-07,6e-06,3.6e-06,6e-06,4,1410.8220613359192,1258.9254117941596,5623510.0
6e-06,3.3999999999999996e-06,2e-06,2.8e-06,13,0.6069437659314108,3801893.963205545,2995783.5
4.8e-06,3.3999999999999996e-06,4.2e-06,6.4e-06,16,1654.046009316721,2570.3957827688455,11718019.0
4.4e-06,7e-06,4.6e-06,8.599999999999999e-06,1,1903.3443843318635,2454.7089156850134,11234705.0
8e-06,7.2e-06,9.2e-06,3.3999999999999996e-06,7,1063.951442209734,7244.359600749838,13459812.0
3e-06,3.6e-06,1.6e-06,8e-06,9,0.1642087299672422,38018939.63205535,1234089.6
8.4e-06,7.3999999999999995e-06,2e-06,3.8e-06,6,0.8245816950204924,4466835.921509551,6033697.0
6e-07,7.6e-06,5.6e-06,8.2e-06,12,1837.7010376324567,977.2372209558052,6003490.5
6.799999999999999e-06,1.6e-06,8e-06,6.799999999999999e-06,16,1833.9437101960684,3235.9365692962583,9424141.0
8e-07,2e-06,8e-06,3e-06,11,682.7834739222833,2884.031503126585,5180991.5
6.4e-06,2.4e-06,8e-07,5.199999999999999e-06,8,0.3038792564508508,16982436.52461711,6713771.5
9e-06,1.6e-06,4e-07,8.4e-06,18,0.06443673936542313,107151930.52375837,8026636.0
1.6e-06,1.2e-06,8.599999999999999e-06,3.2e-06,10,458.1823367521159,5888.43655355584,5738786.5
1e-06,2.8e-06,1.6e-06,6e-06,16,0.1434893911726665,38904514.499427274,247430.6
9e-06,8e-06,9e-06,3.3999999999999996e-06,18,1037.3013698822097,7585.775750291772,15953770.0
6.799999999999999e-06,8.4e-06,4e-06,2.4e-06,3,48.842652484642,72443.59600749818,7606160.5
5.199999999999999e-06,2.2e-06,7.8e-06,6.799999999999999e-06,12,2134.9099649956306,2630.267991895363,10093877.0
7.8e-06,2e-07,6e-06,5.7999999999999995e-06,5,239.07819639009543,11481.536214968728,3995727.2
4.9999999999999996e-06,8.2e-06,1.4e-06,8.599999999999999e-06,13,0.09322927169328768,70794578.43841231,1845624.4
6e-06,3.6e-06,6e-06,1.6e-06,14,25.602605943044527,263026.7991895346,6670262.0
9.8e-06,6.799999999999999e-06,8.4e-06,2.5999999999999997e-06,5,543.0974451811499,14791.08388168194,10735524.0
9.2e-06,4.9999999999999996e-06,5.7999999999999995e-06,4.2e-06,1,1526.7112735322107,4897.7881936844215,9230702.0
2.8e-06,7.3999999999999995e-06,7.3999999999999995e-06,6.5999999999999995e-06,8,1852.1300177658688,2570.3957827688455,12267253.0
4e-07,7.2e-06,5.6e-06,9.8e-06,5,2082.4912272271285,660.6934480075925,4459195.0
1.8e-06,7.8e-06,8.8e-06,1e-06,8,36.41987960386954,158489.31924610934,1634710.0
7.6e-06,6e-06,8.599999999999999e-06,6.799999999999999e-06,8,2134.802726169274,3548.1338923357275,13746588.0
5.7999999999999995e-06,4.4e-06,7.3999999999999995e-06,6.4e-06,15,2046.8674179124428,3162.277660168356,13048487.0
8.2e-06,3.3999999999999996e-06,2.4e-06,2e-06,12,2.3356951462052113,1047128.5480508829,4149692.5
5.4e-06,4.4e-06,9.2e-06,5.7999999999999995e-06,1,2095.0895970454703,3090.2954325135674,8735991.0
4.8e-06,2.4e-06,3.6e-06,6e-06,6,1146.3699660191494,2187.761623949538,10034610.0
9e-06,9e-06,6.4e-06,9.6e-06,10,2447.877977078584,3162.277660168356,15543058.0
6.799999999999999e-06,7.2e-06,5.4e-06,4e-06,8,1231.0395299952982,5495.4087385761995,13818824.0
3.2e-06,9.8e-06,5.6e-06,5.199999999999999e-06,6,1427.6372351509663,3548.1338923357275,12959293.0
7e-06,3.8e-06,4.8e-06,4e-07,18,0.6225321219411556,6025595.860743467,5949135.5
1.6e-06,2e-07,5.4e-06,3e-06,10,145.39997832127764,9772.372209558023,2284351.0
1.8e-06,6.799999999999999e-06,8e-07,8e-07,14,13.490300661125405,275422.8703338129,622130.2
3.3999999999999996e-06,4.9999999999999996e-06,5.7999999999999995e-06,3e-06,17,752.4581641675384,6606.934480075904,12077853.0
6.799999999999999e-06,6e-06,3.8e-06,1.6e-06,17,19.164815842501397,263026.7991895346,7978300.5
1.8e-06,4.9999999999999996e-06,4.8e-06,9e-06,1,2216.1083292204703,1659.5869074375498,8845921.0
4.8e-06,7.3999999999999995e-06,3.6e-06,2.5999999999999997e-06,15,3.6133039829855624,194984.459975802,13601972.0
7e-06,3.2e-06,4.8e-06,1e-06,3,96.89400622582693,69183.09709189288,7017373.5
7e-06,9.6e-06,4.8e-06,2.4e-06,1,318.39965676854234,19498.44599758027,7436914.0
3.8e-06,6.5999999999999995e-06,5.6e-06,7.2e-06,5,1972.4551328761731,2754.2287033381467,12410889.0
6.5999999999999995e-06,5.6e-06,5.6e-06,6.4e-06,3,1965.9866842306467,3467.36850452529,12476983.0
6.5999999999999995e-06,3.8e-06,4.8e-06,6.4e-06,16,1904.6196338571194,3162.277660168356,12782379.0
8.599999999999999e-06,2.2e-06,4.6e-06,2.2e-06,14,95.44702455008299,67608.29753919743,9450092.0
2.5999999999999997e-06,8e-07,6.2e-06,8.8e-06,6,488.2009074567783,6456.5422903465005,5924022.0
9.6e-06,8.4e-06,6e-07,2.8e-06,17,0.30375073172376305,13489628.825916274,5525354.0
8.8e-06,2.8e-06,6.799999999999999e-06,1.8e-06,11,33.63427934743409,213796.2089502204,7481970.0
1.4e-06,3.6e-06,6e-07,2.4e-06,1,17.049884000598155,331131.1214825865,963204.2
6.2e-06,6.5999999999999995e-06,1e-06,7.6e-06,18,0.07439297038526994,89125093.81337267,2827670.8
6e-07,1e-06,3e-06,4.6e-06,18,412.49522098402844,3235.9365692962583,3698572.8
6.4e-06,6e-06,4e-07,8e-06,6,0.22266592265303317,26915348.039268624,5462071.0
6e-07,3.6e-06,5.7999999999999995e-06,8e-07,12,12.760210380987187,288403.15031265665,817826.56
9.4e-06,1.2e-06,9.8e-06,8e-07,16,1.5382284932799044,3630780.5477009495,4486883.5
5.4e-06,1.6e-06,3.6e-06,1e-06,3,51.654358081185435,125892.54117941519,5582358.5
6.799999999999999e-06,6e-06,6.5999999999999995e-06,6.4e-06,11,1978.1616516149138,3548.1338923357275,14077025.0
1.6e-06,2.4e-06,4.9999999999999996e-06,1.2e-06,3,84.0231006329469,66069.34480075887,2067336.8
9.2e-06,5.199999999999999e-06,1.6e-06,5.6e-06,4,0.7025478124902824,5888436.553555782,8542083.0
4.4e-06,8.4e-06,1.4e-06,1.8e-06,5,4.557954836883743,1023292.9922807378,2535529.0
4.2e-06,4.9999999999999996e-06,3.2e-06,1.4e-06,9,26.148885951761535,169824.36524617227,3795832.5
6.5999999999999995e-06,7.8e-06,4.8e-06,9.4e-06,18,1886.962520148652,2754.2287033381467,15684934.0
4.9999999999999996e-06,4.9999999999999996e-06,6.4e-06,2.5999999999999997e-06,19,479.78333210733194,12589.25411794156,12943344.0
9.8e-06,8.8e-06,4.9999999999999996e-06,8.2e-06,8,1960.8393152096937,3311.311214825886,15043168.0
6e-07,4.4e-06,6.2e-06,3.6e-06,18,902.5567036227152,1905.4607179632346,5401745.5
5.6e-06,5.199999999999999e-06,2.8e-06,5.7999999999999995e-06,9,0.30263899502316677,13182567.385563815,2794651.8
6.5999999999999995e-06,1.6e-06,2e-06,1.8e-06,8,7.717429553000916,380189.39632055577,4647328.5
5.7999999999999995e-06,1.4e-06,1.8e-06,3.6e-06,7,0.9515962498327368,2454708.9156849883,4936308.5
4.8e-06,2e-07,8e-07,4e-07,9,3.475525120917631,1148153.6214968646,8445149.0
2.2e-06,6.5999999999999995e-06,6.799999999999999e-06,7.8e-06,8,2051.6019817420633,2041.7379446695156,11162226.0
7.8e-06,1.8e-06,8e-06,8.4e-06,7,2351.811459312955,2754.2287033381467,9937057.0
9.8e-06,6.4e-06,6.4e-06,5.4e-06,9,1754.7858086073163,4570.881896148713,14327620.0
2e-07,9.8e-06,9e-06,4.4e-06,1,1085.267926398003,1023.2929922807484,3123122.0
4e-07,7.2e-06,9e-06,9.4e-06,15,2082.1441103663174,645.6542290346521,4484443.5
6.5999999999999995e-06,4e-06,9.2e-06,7.8e-06,2,2513.1711815664,2754.2287033381467,11552633.0
3e-06,6e-06,1.4e-06,3.2e-06,15,0.3244651570691032,9999999.999999812,817670.94
5.4e-06,4e-06,7e-06,7.2e-06,13,2230.560164819552,2754.2287033381467,12401897.0
8e-06,9.8e-06,7e-06,5.6e-06,18,1691.3131922165478,4466.835921509595,16678219.0
6.2e-06,3.8e-06,2e-06,2.4e-06,2,13.64397839335951,371535.22909716726,6220923.5
8.4e-06,6.799999999999999e-06,2e-06,6e-07,13,7.220699673222724,676082.9753919714,5072183.0
6.5999999999999995e-06,4.8e-06,6.799999999999999e-06,6e-07,2,174.44472247065394,38904.514499427656,5403037.0
6.2e-06,7.8e-06,1e-06,4e-07,1,141.6738565579839,46773.51412871932,6785559.5
8e-06,5.199999999999999e-06,1e-06,3.6e-06,3,2.002290130329963,2290867.652767734,9200593.0
2e-07,8.4e-06,2.8e-06,1.4e-06,7,44.06913462327119,39810.71705534931,1478979.5
4e-07,6.2e-06,7e-06,5.7999999999999995e-06,18,1443.029847455902,912.0108393559046,4404774.0
7.6e-06,3.3999999999999996e-06,5.199999999999999e-06,9.6e-06,10,2565.4802191662266,2630.267991895363,12229995.0
9.4e-06,5.199999999999999e-06,8e-06,6e-06,4,2010.452864301801,3981.0717055349414,12863419.0
6.5999999999999995e-06,7.8e-06,3.2e-06,9.4e-06,11,0.12631474511750984,48977881.93684362,2802456.5
9.4e-06,1.8e-06,5.6e-06,9.8e-06,11,2523.8221356216777,2691.5348039268965,10245206.0
3e-06,9.2e-06,9.6e-06,6e-06,7,1711.2050397546325,3019.951720401994,12844615.0
7.2e-06,8e-07,9.4e-06,7.2e-06,2,460.46192215104645,10715.193052375973,6853742.5
3.2e-06,4.4e-06,9.4e-06,6.4e-06,14,1988.1446066471244,2511.8864315095625,11501257.0
1.8e-06,1.6e-06,2e-06,6.2e-06,18,0.1440348064875641,31622776.60168316,381221.84
4e-06,3e-06,9.8e-06,2.2e-06,10,159.6269479754335,33113.11214825878,8801161.0
5.4e-06,6.799999999999999e-06,5.7999999999999995e-06,8e-07,4,77.2042393762711,87096.35899560705,4634924.0
3.8e-06,2.4e-06,2e-06,9e-06,18,0.0722138763296608,89125093.81337267,1022442.7
6e-07,4.2e-06,4e-07,6.5999999999999995e-06,8,0.2107341697609596,28840315.031265486,30904.166
7.2e-06,4.8e-06,8e-07,4.4e-06,9,0.3282135823795257,14454397.707458993,6241709.5
7.6e-06,4.8e-06,6.5999999999999995e-06,4.6e-06,18,1546.1264917820329,4677.3514128719435,14076647.0
5.199999999999999e-06,1.4e-06,1e-06,3.8e-06,15,0.2490178007189366,19054607.179632097,4075515.2
1.4e-06,1.8e-06,6.799999999999999e-06,3.3999999999999996e-06,6,890.8727056725124,3090.2954325135674,6309855.5
2.8e-06,5.199999999999999e-06,4.8e-06,2.8e-06,17,578.1872059145812,7413.102413009111,11533098.0
6.4e-06,4.2e-06,6.4e-06,6.4e-06,11,2044.233583760013,3235.9365692962583,12723250.0
6.2e-06,7e-06,9e-06,9.2e-06,18,2532.0997185213214,2691.5348039268965,15156578.0
6.2e-06,9.6e-06,1.2e-06,9.4e-06,18,0.058187952271499685,112201845.43019395,2096288.8
7.6e-06,4.2e-06,4e-06,3.6e-06,6,468.09797419908665,3715.3522909716967,11891565.0
7.8e-06,7.8e-06,5.199999999999999e-06,9e-06,2,2246.064109265107,3019.951720401994,13150651.0
4.4e-06,9.2e-06,8e-06,5.199999999999999e-06,6,1562.648475515081,3890.451449942776,13481866.0
1.4e-06,1.2e-06,9.8e-06,9e-06,4,1251.6106186304673,2089.2961308540253,5862985.5
4.9999999999999996e-06,8e-07,6.799999999999999e-06,9.8e-06,14,532.5430860567635,7762.47116628685,6656615.5
4.8e-06,1.6e-06,5.6e-06,3e-06,14,711.9223316329029,7079.457843841318,8516299.0
8.2e-06,5.6e-06,7.2e-06,1.8e-06,9,38.9068070105164,186208.71366628434,8201657.5
3.2e-06,5.199999999999999e-06,9e-06,1.6e-06,13,28.2133628252381,204173.79446695026,6587841.5
5.199999999999999e-06,7.2e-06,9.4e-06,1.6e-06,5,55.7170068030528,120226.44346173984,4620826.5
5.6e-06,1.4e-06,9.8e-06,6.5999999999999995e-06,13,1497.921472298324,3548.1338923357275,8643981.0
3.3999999999999996e-06,5.7999999999999995e-06,7.8e-06,6.799999999999999e-06,14,1999.1406340293865,2570.3957827688455,12690941.0
4.4e-06,1.8e-06,1e-06,4.4e-06,15,0.19619701751120788,28183829.31264398,3109498.8
2.2e-06,5.199999999999999e-06,8.4e-06,6.2e-06,10,1831.0214576529852,2238.7211385683245,10580910.0
4e-06,5.6e-06,4.6e-06,5.6e-06,8,1517.5200912991572,3090.2954325135674,12365847.0
8e-06,7.8e-06,4.6e-06,6e-07,4,82.31287329639966,83176.37711026614,8228182.0
7.6e-06,7.6e-06,1e-06,2e-06,12,0.9696657868509889,3630780.5477009495,4457855.5
8e-06,1.2e-06,9e-06,9.2e-06,10,1378.782419383257,4265.795188015893,8605804.0
4e-06,2.8e-06,7e-06,3.2e-06,1,1185.8578895521914,4570.881896148713,4608701.5
1.4e-06,2.8e-06,3.8e-06,1.2e-06,2,129.19497269779393,42657.95188015881,1853374.9
5.6e-06,8.8e-06,4.4e-06,1.8e-06,10,31.67783748070053,177827.94100389,9031634.0
6.799999999999999e-06,9.4e-06,3.6e-06,9.6e-06,2,1.4656532771229485,1047128.5480508829,5659693.5
5.6e-06,4e-06,8.2e-06,1e-06,14,15.216226931051713,436515.8322401596,3235388.0
8.599999999999999e-06,4.8e-06,1e-06,5.7999999999999995e-06,16,0.11902115303004239,54954087.38576132,5965495.0
2.2e-06,2e-07,7.3999999999999995e-06,4.4e-06,3,200.81181588439904,8912.509381337379,2650449.2
9.6e-06,9e-06,6e-06,9.2e-06,5,2374.0376739978183,3311.311214825886,14370367.0
4e-06,2.8e-06,6.4e-06,9.2e-06,10,2598.889604073352,1995.2623149688663,10378608.0
8.2e-06,3e-06,8.4e-06,3.8e-06,12,1320.3784564104287,5370.317963702482,11759896.0
3e-06,5.4e-06,9.4e-06,6.4e-06,19,1926.075736178377,2511.8864315095625,12292563.0
4.6e-06,3.8e-06,7e-06,3.8e-06,2,1322.128079826827,4466.835921509595,8640005.0
2.5999999999999997e-06,6.2e-06,5.7999999999999995e-06,2.2e-06,4,199.94449221875274,23988.329190194676,6992386.0
8.8e-06,6.5999999999999995e-06,5.199999999999999e-06,4.8e-06,11,1496.0427244612338,4677.3514128719435,14581206.0
1.8e-06,6.799999999999999e-06,3.2e-06,8.2e-06,2,242.8063717183643,2754.2287033381467,9850246.0
8.8e-06,4.8e-06,8.4e-06,2.8e-06,16,704.9885434217802,10964.781961431756,13657522.0
1.8e-06,4.8e-06,4.6e-06,2.2e-06,10,152.696644980032,23442.288153199,8377228.5
8.8e-06,2e-07,9.6e-06,1.6e-06,16,62.89633365833979,38018.93963205573,3574599.0
8.599999999999999e-06,3e-06,2.2e-06,4.8e-06,1,11.398169234202927,436515.8322401596,10667420.0
6.799999999999999e-06,2.5999999999999997e-06,1.2e-06,4.2e-06,16,0.1961449406059343,28183829.31264398,4788969.0
4.2e-06,5.6e-06,9e-06,2.2e-06,18,124.5574284040229,45708.81896148701,11901431.0
5.6e-06,7.6e-06,3e-06,8.599999999999999e-06,19,0.0755918278587708,83176377.11026536,1673129.9
1.6e-06,3.8e-06,2.4e-06,4.6e-06,5,1.4120275331492078,741310.241300906,1004798.25
9.8e-06,7.2e-06,1.8e-06,6.5999999999999995e-06,1,4.083684962345521,1258925.4117941472,10482379.0
3.2e-06,4.9999999999999996e-06,4.8e-06,1.2e-06,3,88.59898063985459,72443.59600749818,2653234.5
5.4e-06,4.9999999999999996e-06,7.2e-06,6e-06,19,1905.546077918779,3311.311214825886,13655018.0
2.2e-06,5.6e-06,6.2e-06,2e-06,18,57.29425444898995,74131.02413009091,9516689.0
4.6e-06,2e-06,2.8e-06,8.2e-06,1,10.968755520674964,199526.23149688536,4537145.0
6e-06,6.4e-06,6e-06,3.3999999999999996e-06,11,1008.1279808857981,6606.934480075904,13652919.0
5.7999999999999995e-06,1.6e-06,5.7999999999999995e-06,7.8e-06,10,1990.5107904441902,2754.2287033381467,9177461.0
5.7999999999999995e-06,9.4e-06,9.2e-06,5.199999999999999e-06,7,1604.5783157074873,4265.795188015893,14202216.0
3.8e-06,2.4e-06,2.5999999999999997e-06,1.2e-06,15,11.181311310198513,489778.819368439,2521190.5
8e-06,3.6e-06,5.199999999999999e-06,9.8e-06,15,2566.7028969113494,2630.267991895363,12806348.0
6.5999999999999995e-06,6.799999999999999e-06,9.4e-06,6.5999999999999995e-06,9,2046.5928349780888,3467.36850452529,14087963.0
9.2e-06,5.4e-06,8.2e-06,6.2e-06,1,2183.282219804994,3630.7805477009856,9681235.0
4.2e-06,4.4e-06,8.2e-06,4.6e-06,5,1538.408069776119,3715.3522909716967,11223433.0
4.8e-06,6.5999999999999995e-06,4.9999999999999996e-06,6.4e-06,15,1746.929735105971,3162.277660168356,14202183.0
8.599999999999999e-06,5.7999999999999995e-06,4.9999999999999996e-06,2.4e-06,9,248.99777658670237,26915.348039268898,11878660.0
9.2e-06,1.4e-06,5.4e-06,6e-06,11,1417.2909585437571,4466.835921509595,9253210.0
6.2e-06,8.599999999999999e-06,1.2e-06,6.4e-06,9,0.19884351738246872,29512092.26666327,3239118.8
5.4e-06,8.599999999999999e-06,3.2e-06,2.2e-06,15,1.7516648805174513,891250.9381337316,2838169.8
5.7999999999999995e-06,7.3999999999999995e-06,7.6e-06,5.6e-06,15,1734.2129657012522,3890.451449942776,14975248.0
2e-06,8e-06,5.4e-06,4.6e-06,17,1226.2598747400973,3162.277660168356,11928067.0
6e-07,6.4e-06,5.199999999999999e-06,3.6e-06,4,883.8227646292867,2089.2961308540253,5463720.5
9.8e-06,6.2e-06,4.6e-06,9.6e-06,1,1884.2921751370834,2398.832919019474,12118935.0
4.6e-06,2.2e-06,5.4e-06,8e-06,17,2296.175694665029,2238.7211385683245,9986149.0
4e-06,3e-06,5.199999999999999e-06,6e-07,19,0.8771800629165322,4466835.921509551,2686872.2
9.6e-06,1.6e-06,6.2e-06,4.8e-06,12,1398.448793852119,4786.300923226344,9749911.0
3.6e-06,1.2e-06,2.8e-06,2.2e-06,12,49.52253005580183,47863.00923226332,6313133.5
2.2e-06,2e-07,3.6e-06,1.2e-06,5,16.602864199315974,123026.87708123666,1877843.4
3e-06,9.6e-06,2e-06,4e-06,7,0.6232113886373051,5128613.839913555,935944.0
6.799999999999999e-06,5.4e-06,4.2e-06,2e-06,8,42.115856681410854,109647.81961431721,9084075.0
8.8e-06,2.4e-06,8.4e-06,8e-06,16,2490.2423964241957,2818.3829312644334,11351288.0
2.4e-06,1e-06,7.2e-06,2.5999999999999997e-06,19,180.68746518297354,16982.436524617286,5642096.5
5.199999999999999e-06,8.4e-06,5.199999999999999e-06,4.4e-06,11,1280.3228703211694,4570.881896148713,14495567.0
9.8e-06,5.7999999999999995e-06,2e-06,4.6e-06,18,0.15874119884396018,37153522.9097165,5209218.5
9.4e-06,9.6e-06,9.6e-06,9.2e-06,17,2484.5601512875123,3235.9365692962583,16696646.0
6.2e-06,6.4e-06,9e-06,8e-06,4,2373.3020642603337,2951.209226666364,13041611.0
8e-06,5.199999999999999e-06,9.2e-06,8e-07,7,43.99001360884152,154881.66189124619,4681444.0
5.199999999999999e-06,9e-06,7.2e-06,3e-06,16,745.5638430412181,8511.380382023692,15051077.0
7.3999999999999995e-06,1.2e-06,4.2e-06,8.2e-06,14,1247.9414799871834,4365.158322401625,8497747.0
7.3999999999999995e-06,5.4e-06,2.2e-06,4.9999999999999996e-06,16,0.16728982218355395,33884415.61391957,3652522.0
1.6e-06,9.4e-06,7e-06,1.8e-06,14,36.40836907121288,109647.81961431721,8007783.5
9.2e-06,9.2e-06,3.2e-06,9.6e-06,14,0.09149202097586032,70794578.43841231,4254818.0
2.5999999999999997e-06,4.8e-06,5.4e-06,8.599999999999999e-06,10,2203.453348410037,1949.8445997580325,10986420.0
8e-07,6.2e-06,1.4e-06,8.4e-06,8,0.1810244536076421,33113112.148258444,127404.03
1.2e-06,8.2e-06,2.4e-06,3.2e-06,6,2.164815022368897,676082.9753919714,1311538.2
1e-06,3.2e-06,6.799999999999999e-06,4.9999999999999996e-06,3,1518.531145635151,1621.8100973589194,6484029.5
6e-07,4.8e-06,2.8e-06,9.2e-06,19,1337.335937698858,1096.4781961431788,5559199.5
4e-07,6.799999999999999e-06,9.4e-06,7.8e-06,12,1846.2571799831512,741.3102413009135,4431820.5
8e-06,9e-06,6.2e-06,9e-06,14,2321.502093775934,3162.277660168356,16072072.0
5.199999999999999e-06,6.799999999999999e-06,4e-07,7.3999999999999995e-06,15,0.08944005221186543,74131024.13009019,2706667.5
4e-07,1.2e-06,2.2e-06,4.6e-06,18,621.0550040837971,1698.2436524617333,3187944.5
5.7999999999999995e-06,6e-06,6e-06,6.5999999999999995e-06,11,1971.225810816094,3311.311214825886,13817855.0
7.8e-06,8e-06,6e-06,4e-06,11,1249.484757589101,5888.43655355584,14874517.0
6.5999999999999995e-06,6e-07,4.4e-06,3.6e-06,4,194.8112943878013,20417.379446695104,6630317.0
6.2e-06,3.3999999999999996e-06,2e-06,4e-07,7,18.09703132441795,331131.1214825865,5900961.0
6.5999999999999995e-06,3.8e-06,6e-07,6.2e-06,7,0.26705764004490584,20892961.308539983,6489357.5
1e-06,9e-06,9e-06,9.6e-06,3,2190.338064800072,1258.9254117941596,8185655.0
9.8e-06,8e-07,2.4e-06,5.199999999999999e-06,10,0.4773018453819299,912010.8393558954,7614444.5
4e-07,8.8e-06,2.4e-06,5.6e-06,12,877.124819042055,1230.2687708123742,4597586.5
6e-06,6.5999999999999995e-06,8e-06,4.4e-06,18,1417.1959240939223,4786.300923226344,14834117.0
2e-07,3e-06,6.4e-06,9e-06,14,1893.340680463037,436.51583224016383,3108701.5
6e-06,6e-07,1.2e-06,5.4e-06,8,0.3584624868097946,11220184.543019421,5980075.0
8e-06,6.2e-06,7.3999999999999995e-06,7.3999999999999995e-06,9,2234.413926711883,3388.441561392,14141321.0
3.3999999999999996e-06,6e-07,4.4e-06,2.2e-06,10,60.4291910414632,46773.51412871932,4282469.0
5.4e-06,4.4e-06,9e-06,6.5999999999999995e-06,10,2117.5266717012128,3019.951720401994,12452298.0
5.7999999999999995e-06,6.2e-06,5.4e-06,6.2e-06,18,1822.1566829020953,3388.441561392,14636331.0
4.4e-06,7.3999999999999995e-06,7e-06,5.7999999999999995e-06,11,1735.2265988159168,3388.441561392,13883943.0
9.4e-06,4.6e-06,1e-06,1.6e-06,10,2.319536217851687,1621810.0973589038,7475784.5
8e-07,2e-06,3.3999999999999996e-06,1.8e-06,18,34.06457448412498,63095.73444801863,4331601.0
6e-06,6e-06,7.6e-06,7.6e-06,17,2242.8560364207233,2951.209226666364,14491369.0
7.3999999999999995e-06,3.8e-06,1.8e-06,3.6e-06,4,1.720607715299758,2187761.6239495156,7237361.5
6.5999999999999995e-06,6.799999999999999e-06,4.2e-06,1.6e-06,9,31.498219007493088,194984.459975802,6468951.5
8.4e-06,3.3999999999999996e-06,6e-06,9.6e-06,14,2704.9912515676533,2630.267991895363,12601564.0
4.6e-06,9.6e-06,9.6e-06,3e-06,13,743.0904532952885,8317.637711026638,14498328.0
8.599999999999999e-06,6e-07,9.6e-06,2.5999999999999997e-06,5,126.90384321957585,33113.11214825878,5071013.0
3.3999999999999996e-06,1e-06,4.8e-06,6.5999999999999995e-06,19,646.1172171433282,5754.399373371521,6826081.5
8.599999999999999e-06,1.8e-06,9.4e-06,7e-06,10,2081.122632134849,3235.9365692962583,10071044.0
7.2e-06,2.8e-06,2e-06,2.5999999999999997e-06,15,0.6141487619583982,3467368.504525256,4063576.2
7.3999999999999995e-06,5.7999999999999995e-06,3.2e-06,6.2e-06,5,0.6442762451789935,3630780.5477009495,5015805.0
4.8e-06,2e-06,7.8e-06,1.8e-06,9,38.02573122990085,158489.31924610934,5997958.0
2.8e-06,6.5999999999999995e-06,6.4e-06,4.6e-06,10,1357.0012367127674,3467.36850452529,12016020.0
1.4e-06,7e-06,8.8e-06,4.8e-06,3,1382.2809744292235,2398.832919019474,8781298.0
8.599999999999999e-06,5.6e-06,6.4e-06,1.4e-06,6,47.13002124150097,151356.12484361892,7201430.5
4.9999999999999996e-06,4.2e-06,2.8e-06,9.2e-06,6,0.26236495164977897,19498445.99758007,2656201.0
3.8e-06,2e-07,7.2e-06,8e-06,14,283.08706523103945,7585.775750291772,2896365.8
7.3999999999999995e-06,3.3999999999999996e-06,1.6e-06,3e-06,2,6.839298486701644,724435.9600749789,9046866.0
5.4e-06,4e-06,4.9999999999999996e-06,3.2e-06,19,913.6206813016256,6309.573444801879,12556436.0
6e-06,7.6e-06,3e-06,7.8e-06,19,0.08509611972962225,74131024.13009019,1904337.0
6.799999999999999e-06,3.3999999999999996e-06,5.7999999999999995e-06,5.199999999999999e-06,6,1760.5495610009473,3801.8939632055826,11592416.0
1.6e-06,7.3999999999999995e-06,6.4e-06,7.3999999999999995e-06,16,1856.975352665436,1862.0871366628553,10673730.0
7e-06,1.6e-06,6.799999999999999e-06,8.2e-06,16,2084.4546341810346,2818.3829312644334,9484980.0
8e-06,6.5999999999999995e-06,4e-07,7e-06,16,0.0892676593512223,74131024.13009019,5123488.5
7.8e-06,5.4e-06,9.6e-06,3.2e-06,3,1049.084889503528,7079.457843841318,9878257.0
4.9999999999999996e-06,8.599999999999999e-06,6e-07,9e-06,15,0.07157324283360769,93325430.07969713,2028640.9
5.6e-06,8.2e-06,6.4e-06,3.2e-06,19,868.4624488397848,7413.102413009111,15369499.0
2e-06,8.8e-06,1.8e-06,9.6e-06,6,0.20484840402050425,28840315.031265486,364190.47
8e-06,8.2e-06,6e-06,9e-06,7,2344.0813608973535,3162.277660168356,14563682.0
1e-06,9.8e-06,4e-06,8.599999999999999e-06,11,1426.259823571979,1659.5869074375498,8748234.0
8.8e-06,3e-06,3.8e-06,1.8e-06,17,22.19417134808088,245470.89156849973,8649491.0
7.8e-06,3.2e-06,8.599999999999999e-06,3e-06,7,906.2369779909752,7762.47116628685,10928846.0
6.2e-06,8.4e-06,8e-06,6.5999999999999995e-06,18,1950.7715483885459,3548.1338923357275,15847185.0
7.6e-06,7.3999999999999995e-06,3e-06,1.8e-06,15,3.6835880160234913,588843.6553555802,3705384.5
6e-07,2.5999999999999997e-06,4.2e-06,4.4e-06,7,1205.0169440220395,1380.384264602876,4835534.0
8e-06,2.2e-06,2.2e-06,8.4e-06,12,0.12396994240773083,51286138.39913543,5110782.0
4e-06,9.2e-06,7.2e-06,9.8e-06,17,2377.657348753678,2398.832919019474,15042629.0
7.2e-06,5.4e-06,7e-06,4.9999999999999996e-06,14,1653.8684400211362,4365.158322401625,14068978.0
5.7999999999999995e-06,8e-07,2.8e-06,4.8e-06,3,295.80154185049855,10232.929922807454,7617538.5
6e-07,6.5999999999999995e-06,1.6e-06,2.4e-06,2,18.270671067622036,177827.94100389,777201.8
1.8e-06,3e-06,6e-06,6.2e-06,5,1867.1172986589854,1862.0871366628553,8366155.5
4.4e-06,4e-06,6e-06,2.8e-06,2,767.4214397391419,7413.102413009111,6444491.5
9.2e-06,6.4e-06,8.8e-06,8e-06,5,2410.209506635266,3388.441561392,13660682.0
8.8e-06,2.2e-06,7.6e-06,1.2e-06,14,9.12181696327479,758577.575029172,5468611.0
4e-07,3.6e-06,5.7999999999999995e-06,9.8e-06,10,2292.3723566235326,562.3413251903462,4064746.2
7.2e-06,8e-06,3.6e-06,6.5999999999999995e-06,10,0.2770263977511166,9332543.007969735,3577166.8
8e-07,4.6e-06,9e-06,7.6e-06,6,2025.5743266431218,1071.5193052376003,6455404.5
7.8e-06,7e-06,6e-06,4e-06,1,1393.7923343488567,5248.0746024976825,7465358.0
4.6e-06,4e-07,6.5999999999999995e-06,5.7999999999999995e-06,15,232.36159183923897,12589.25411794156,4204450.5
1.4e-06,8e-06,7e-06,3.2e-06,9,741.4235999524174,4365.158322401625,9483196.0
9e-06,6e-07,8.4e-06,3.3999999999999996e-06,2,194.28482744514673,23442.288153199,5171142.0
4e-06,2e-07,1.6e-06,4e-07,9,3.732217138763705,1513561.248436184,5814241.5
1.2e-06,2e-07,5.7999999999999995e-06,7.2e-06,15,257.4115317476352,5011.872336272681,2293189.2
8.4e-06,2e-06,8.599999999999999e-06,4e-07,15,0.9703662285121508,5011872.336272632,4643812.5
8.4e-06,3.8e-06,4.6e-06,3.3999999999999996e-06,1,1022.1383284520698,6025.595860743527,9756794.0
3.8e-06,5.199999999999999e-06,6.2e-06,9.4e-06,3,2490.751828093741,2187.761623949538,11657228.0
2.4e-06,3.2e-06,4.8e-06,8e-06,5,2167.451349529693,1819.7008586099716,9408430.0
7.3999999999999995e-06,6.2e-06,7.2e-06,3.3999999999999996e-06,19,1042.7162685221379,6918.309709189306,14955903.0
9.2e-06,2e-07,9e-06,8.599999999999999e-06,11,296.7168261512864,9549.925860214278,3267565.5
2.2e-06,1.6e-06,4e-07,1e-06,8,7.431438578005356,512861.3839913573,2072972.2
4.2e-06,9.6e-06,7.2e-06,4.9999999999999996e-06,19,1462.266922760204,3981.0717055349414,15441569.0
2.5999999999999997e-06,3e-06,5.199999999999999e-06,3.8e-06,12,1157.4016847831012,3548.1338923357275,9479736.0
7.2e-06,7.3999999999999995e-06,1.6e-06,4.6e-06,12,0.23695009286469798,21877616.239495095,3652081.2
4.9999999999999996e-06,3e-06,4e-06,8e-07,19,1.5229683948621393,3162277.6601683246,3774975.5
2e-07,6.4e-06,1.2e-06,4e-06,5,1.8451595355688024,309029.5432513548,881942.7
5.6e-06,2.4e-06,5.4e-06,6e-06,12,1922.5407421133311,3019.951720401994,10531815.0
5.199999999999999e-06,4.9999999999999996e-06,7.8e-06,9.6e-06,15,2649.844586342192,2344.228815319906,13285157.0
7.6e-06,4.2e-06,9e-06,5.4e-06,19,1840.5675288072096,3890.451449942776,13584578.0
2e-07,2.8e-06,6.2e-06,7.3999999999999995e-06,11,1622.5979137434958,512.8613839913622,3094984.8
7.3999999999999995e-06,4.8e-06,9e-06,5.7999999999999995e-06,12,1932.5031863809697,3801.8939632055826,13496013.0
2e-06,3.2e-06,7.3999999999999995e-06,1e-06,3,94.1672720198042,64565.42290346484,1807275.6
6e-07,8e-06,6.799999999999999e-06,1.4e-06,6,46.282224399105424,69183.09709189288,2209243.0
8e-06,8.4e-06,6e-07,4.4e-06,16,0.164220073543194,36307805.4770094,4381684.0
8.2e-06,5.6e-06,8.599999999999999e-06,8.8e-06,2,2639.465374182986,2951.209226666364,12610805.0
8.599999999999999e-06,3.8e-06,8.599999999999999e-06,5.6e-06,5,1948.7159810298554,3890.451449942776,12098520.0
5.7999999999999995e-06,5.199999999999999e-06,9.2e-06,1.2e-06,18,18.173191776111153,371535.22909716726,2899209.8
4.4e-06,7.2e-06,8e-07,6e-06,6,0.33803205769301625,14791083.881681785,2616538.5
1e-06,2e-06,3.6e-06,6.5999999999999995e-06,2,1731.4179527985214,1318.256738556399,5826379.5
1.2e-06,6.799999999999999e-06,7.8e-06,7.8e-06,5,1983.5293293767415,1513.5612484361984,8615644.0
6e-07,4.9999999999999996e-06,2.2e-06,9.4e-06,15,271.30480939846984,1905.4607179632346,5587962.5
7.6e-06,8e-07,1.8e-06,6.799999999999999e-06,12,0.1754567577268684,33113112.148258444,5251808.5
8.599999999999999e-06,7.3999999999999995e-06,6.799999999999999e-06,9e-06,19,2444.890115751888,3090.2954325135674,16010877.0
4.8e-06,7.6e-06,3.2e-06,3.8e-06,17,0.3211614026725511,3801893.963205545,1397771.8
4.6e-06,3.6e-06,3.8e-06,3.3999999999999996e-06,1,385.33780959409023,7943.282347242746,5107886.5
7.3999999999999995e-06,9.4e-06,6.799999999999999e-06,4e-06,14,1228.6432782323789,6025.595860743527,15798399.0
8.599999999999999e-06,6e-06,7.6e-06,8e-07,11,23.38542160552155,295120.92266663455,5144484.5
9.6e-06,3.8e-06,7.6e-06,9.4e-06,2,2836.196340174513,2754.2287033381467,12092234.0
6e-07,9.4e-06,8.2e-06,2.4e-06,2,465.10391349333753,4677.3514128719435,4014212.2
4.8e-06,1.6e-06,7.3999999999999995e-06,2.8e-06,5,636.9545916676303,8128.305161640922,7617518.0
6.799999999999999e-06,6.2e-06,7e-06,4.8e-06,5,1582.2590809392707,4466.835921509595,12918402.0
4e-07,8.8e-06,7.6e-06,7.8e-06,8,1754.0355975628163,794.3282347242772,4550241.0
5.7999999999999995e-06,5.7999999999999995e-06,1.8e-06,4.9999999999999996e-06,11,0.2429769259811224,20892961.308539983,2964962.8
2e-06,9e-06,2e-06,7.3999999999999995e-06,1,3.8853823011229633,1096478.1961431676,835931.2
4.4e-06,3.6e-06,6e-06,6.2e-06,12,1957.8404195477137,2818.3829312644334,11502372.0
2.5999999999999997e-06,6e-07,8.8e-06,7e-06,5,308.41302968336976,9120.10839355902,5038527.0
5.6e-06,3.8e-06,2.5999999999999997e-06,5.199999999999999e-06,13,0.2280722944072532,19952623.149688404,2552505.8
9.8e-06,8.599999999999999e-06,1e-06,2e-06,9,1.393133351826721,2951209.226666335,6846136.5
5.199999999999999e-06,4.2e-06,7.3999999999999995e-06,7.8e-06,18,2349.3910225198906,2570.3957827688455,12823711.0
2.5999999999999997e-06,2.2e-06,8.8e-06,6e-07,5,30.161345690156498,213796.2089502204,1422828.8
2.2e-06,2e-06,2.4e-06,2.8e-06,1,75.2410887769116,60255.95860743512,3629610.2
9.6e-06,7.8e-06,1.6e-06,1.2e-06,17,5.850746739892784,562341.3251903408,2820117.8
1.8e-06,9.8e-06,4.4e-06,6.2e-06,18,1298.181657456329,2454.7089156850134,12098424.0
3e-06,6e-06,5.6e-06,2.2e-06,19,123.25831832469417,38018.93963205573,11433500.0
5.7999999999999995e-06,4e-07,9e-06,1.2e-06,16,2.705687866182321,1698243.652461717,2694480.2
6.4e-06,2e-06,6.5999999999999995e-06,3.6e-06,11,1144.2072424067758,5248.0746024976825,9813784.0
8.2e-06,9.8e-06,5.199999999999999e-06,9.2e-06,11,2107.993730357994,3235.9365692962583,15831490.0
5.6e-06,4.2e-06,8.4e-06,1.6e-06,12,29.001002754260394,234422.8815319891,6502815.5
3.2e-06,4e-06,7.8e-06,7.3999999999999995e-06,11,2214.9590879681323,2187.761623949538,11029578.0
5.7999999999999995e-06,7e-06,7.3999999999999995e-06,9.4e-06,18,2502.1379294249846,2630.267991895363,15051988.0
6e-06,1.8e-06,4e-07,3e-06,11,0.45941971565735035,7585775.750291697,6883681.5
3.3999999999999996e-06,3.2e-06,4e-06,9.4e-06,12,1854.6841221895327,1995.2623149688663,10525874.0
1.2e-06,7.8e-06,2.8e-06,9.8e-06,5,110.82080280663368,3090.2954325135674,8887841.0
2.2e-06,5.7999999999999995e-06,4.4e-06,4.4e-06,5,1167.5271161381884,3162.277660168356,10270747.0
5.199999999999999e-06,8e-06,9.2e-06,7.6e-06,16,2167.9680934325315,2951.209226666364,15137454.0
2e-07,4.9999999999999996e-06,8.8e-06,6e-07,5,64.7017692706833,58884.36553555826,300822.1
3.8e-06,8e-07,4.8e-06,6.5999999999999995e-06,3,419.8200487960019,8912.509381337379,6254604.0
6.799999999999999e-06,1.8e-06,8.2e-06,4e-07,1,267.7159720789849,25118.86431509556,4168830.5
3.8e-06,2e-07,7e-06,1.8e-06,14,86.65386314406365,21877.61623949532,2387066.0
7.3999999999999995e-06,7.6e-06,6.799999999999999e-06,6.2e-06,19,1883.696927646756,3890.451449942776,15905493.0
6.5999999999999995e-06,3.6e-06,5.199999999999999e-06,7.2e-06,19,2154.6619306161447,2951.209226666364,12728792.0
6.2e-06,2.5999999999999997e-06,8e-06,8.2e-06,10,2517.241735722594,2511.8864315095625,10926664.0
2.2e-06,5.6e-06,3.2e-06,1.2e-06,15,21.228614776242104,245470.89156849973,2389870.0
7e-06,3.3999999999999996e-06,4.6e-06,9.6e-06,19,2266.5252243421323,2511.8864315095625,12552821.0
8e-07,9.2e-06,5.199999999999999e-06,5.7999999999999995e-06,9,1366.3823031683855,1659.5869074375498,7400242.0
2e-07,4.4e-06,1.2e-06,6e-06,2,3.8063472152301396,204173.79446695026,1160058.0
5.6e-06,6.2e-06,2e-06,6.2e-06,7,0.31253488690610803,15488166.18912451,3074404.0
3.8e-06,5.199999999999999e-06,8.8e-06,1.4e-06,4,68.01542069530014,95499.25860214246,3057860.0
2.8e-06,5.4e-06,8e-07,8.2e-06,13,0.09546166174785718,69183097.0918922,888645.6
2.4e-06,9.8e-06,1.4e-06,2.4e-06,2,8.504984188374292,616595.0018614728,1002029.5
6e-07,4.6e-06,7e-06,8.599999999999999e-06,13,2117.6370011397103,831.7637711026664,5478178.5
9.2e-06,9e-06,7.8e-06,1.4e-06,8,35.85776408243625,204173.79446695026,5592836.5
8.4e-06,6.5999999999999995e-06,8.2e-06,6.2e-06,4,1996.5987237108857,3890.451449942776,13273285.0
5.4e-06,8.2e-06,6.2e-06,2.4e-06,12,266.2252059839902,23988.329190194676,13130657.0
7e-06,5.6e-06,8.2e-06,9.6e-06,18,2673.206679473211,2630.267991895363,14535441.0
2e-07,4.2e-06,6e-06,1.6e-06,9,45.62464679389589,30199.517204019863,2063590.5
2.2e-06,6.799999999999999e-06,9.4e-06,2.4e-06,7,330.005766860224,12882.495516931225,9321653.0
5.7999999999999995e-06,6.5999999999999995e-06,9.2e-06,3.3999999999999996e-06,13,1028.0350936828183,6456.5422903465005,13992428.0
6.4e-06,6.799999999999999e-06,9.8e-06,4e-07,5,65.49397254845178,102329.2992280742,3560135.8
2.5999999999999997e-06,7e-06,1.4e-06,4.9999999999999996e-06,12,0.21010780879478066,25703957.82768813,605163.6
7e-06,3.2e-06,1.8e-06,1.2e-06,18,9.150243574536185,301995.1720401975,2057697.4
7.2e-06,1e-06,1.8e-06,2e-06,7,5.879085998396358,467735.14128719136,6727412.5
8.599999999999999e-06,5.7999999999999995e-06,2.8e-06,6.4e-06,18,0.113135648549136,54954087.38576132,3655925.0
4.9999999999999996e-06,5.6e-06,9.4e-06,7.2e-06,15,2185.8601565963104,2884.031503126585,13644236.0
2e-06,2.4e-06,1.4e-06,1.2e-06,5,20.31739293076691,208929.61308540122,1306366.0
8.8e-06,7.3999999999999995e-06,4e-07,4e-06,3,1.4707655137027655,3311311.2148258532,9968905.0
9.4e-06,7.6e-06,6.799999999999999e-06,4.4e-06,17,1424.5777477610816,5623.413251903444,15929885.0
4e-06,7.6e-06,6.5999999999999995e-06,2.2e-06,17,116.11499920664838,47863.00923226332,12557186.0
9.6e-06,5.4e-06,6e-07,6.5999999999999995e-06,2,1.1796929481272527,4073802.778041055,12225336.0
4.2e-06,2e-07,3e-06,4e-06,14,182.64898754840556,11481.536214968728,3523461.8
3.6e-06,6.5999999999999995e-06,1.4e-06,8e-07,11,19.1438635317952,234422.8815319891,1663033.8
6.799999999999999e-06,8e-07,2.4e-06,3.2e-06,4,17.62092545640878,46773.51412871932,7485636.0
8.4e-06,1.2e-06,3.2e-06,4.8e-06,3,635.5024891741701,4073.8027780410953,10790125.0
5.199999999999999e-06,3.6e-06,8e-07,3.2e-06,11,0.432220241083438,8317637.711026555,4168465.8
8e-07,4e-06,9.4e-06,4.9999999999999996e-06,17,1424.3794287559554,1479.108388168198,6361872.5
5.6e-06,6e-07,8.599999999999999e-06,6.4e-06,8,296.9407376560576,13182.567385563954,5734984.0
8e-07,5.199999999999999e-06,4.6e-06,1.8e-06,12,46.13358844643785,54954.08738576186,5240345.5
2.4e-06,8.8e-06,9.4e-06,9e-06,5,2264.3308913101882,1995.2623149688663,11880715.0
8.599999999999999e-06,1e-06,8e-06,7.6e-06,18,738.156435765123,7413.102413009111,7939637.0
6.5999999999999995e-06,6.4e-06,7.3999999999999995e-06,3.6e-06,13,1127.2264389949034,6165.95001861477,14197690.0
1.2e-06,4.9999999999999996e-06,4.6e-06,9.4e-06,2,2139.765849011396,1318.256738556399,7954643.0
7.2e-06,6.2e-06,6.4e-06,2e-06,12,46.91408176612568,151356.12484361892,10845638.0
9.8e-06,1.8e-06,6.799999999999999e-06,3.2e-06,11,935.6991400163419,7413.102413009111,9863495.0
3e-06,8.2e-06,7.3999999999999995e-06,2.8e-06,14,582.2069181756889,8511.380382023692,12874643.0
3.3999999999999996e-06,1e-06,1e-06,2.5999999999999997e-06,13,0.6240618137262345,3019951.720401964,2314765.5
7e-06,2.8e-06,9e-06,7.3999999999999995e-06,6,2394.79973241295,2818.3829312644334,11124983.0
5.4e-06,8.8e-06,8.2e-06,4.8e-06,1,1639.5884931143255,4073.8027780410953,8054192.0
6e-06,9e-06,6.799999999999999e-06,5.6e-06,5,1695.3852946968289,4073.8027780410953,13710457.0
2e-06,3.8e-06,2.5999999999999997e-06,6.799999999999999e-06,13,0.20675412247120695,6025595.860743467,869633.8
6e-06,9e-06,6.799999999999999e-06,8.8e-06,19,2291.2290608612875,2884.031503126585,16085375.0
4.9999999999999996e-06,2.4e-06,4.8e-06,1.6e-06,7,40.04281350347349,158489.31924610934,4543150.0
8.4e-06,3.3999999999999996e-06,3.3999999999999996e-06,1.4e-06,17,18.569988671750245,346736.85045252676,4642473.5
4.2e-06,8e-06,5.4e-06,8.599999999999999e-06,3,2120.791323813914,2630.267991895363,12780397.0
5.7999999999999995e-06,5.6e-06,2e-06,4.2e-06,12,0.2962004196666746,13803842.64602858,2805082.5
6.5999999999999995e-06,4.4e-06,5.6e-06,7.3999999999999995e-06,16,2192.9372062318344,3019.951720401994,13380489.0
7e-06,7e-06,7.6e-06,4.9999999999999996e-06,15,1607.3107133969722,4466.835921509595,15077303.0
2.4e-06,3.3999999999999996e-06,5.6e-06,3e-06,10,763.8837363493992,5248.0746024976825,9325216.0
2.2e-06,5.7999999999999995e-06,7.6e-06,5.6e-06,17,1637.4239924319024,2511.8864315095625,11343663.0
2e-07,9e-06,9.8e-06,9.8e-06,9,1803.547591615756,501.1872336272698,3457011.2
1.4e-06,7e-06,6.4e-06,1.2e-06,14,22.86489875585741,204173.79446695026,1966341.0
1.8e-06,2.5999999999999997e-06,8.8e-06,6e-06,19,1834.2347666925139,1819.7008586099716,8271611.0
4e-07,6.5999999999999995e-06,4.6e-06,6.799999999999999e-06,8,1588.3610630383582,851.1380382023717,4399626.0
3.2e-06,7.8e-06,8e-06,4.9999999999999996e-06,8,1489.2312344482657,3467.36850452529,12681894.0
9.2e-06,1.4e-06,5.7999999999999995e-06,7e-06,9,1592.4200860061594,3981.0717055349414,9268217.0
6.799999999999999e-06,1.6e-06,3.2e-06,2.5999999999999997e-06,19,169.79766984998042,8317.637711026638,8915718.0
7.8e-06,6e-06,9.6e-06,2.4e-06,6,337.2249714433874,21877.61623949532,10355414.0
5.6e-06,4e-07,1e-06,7.8e-06,18,0.0841240536187384,79432823.47242649,4211696.0
1.6e-06,8.8e-06,5.6e-06,2e-06,4,119.51157767998463,34673.68504525281,5817463.5
9e-06,3.6e-06,7e-06,8e-06,14,2477.6752413368636,3019.951720401994,12939067.0
9.2e-06,9e-06,5.6e-06,4.2e-06,9,1299.0390004821984,5888.43655355584,14892509.0
7.6e-06,5.6e-06,3.8e-06,6.799999999999999e-06,10,81.72920611167632,3090.2954325135674,13663610.0
2.4e-06,4.4e-06,7.3999999999999995e-06,7.3999999999999995e-06,15,2127.3810279738545,1949.8445997580325,10676968.0
4.8e-06,2.4e-06,3.2e-06,1.8e-06,1,167.57479762317672,33884.41561391991,4871308.5
3.3999999999999996e-06,8e-06,3.6e-06,6e-06,13,160.55959611232194,2691.5348039268965,13583883.0
8.599999999999999e-06,4.4e-06,6.5999999999999995e-06,3e-06,3,914.8675346442733,8128.305161640922,9112775.0
2.2e-06,4.2e-06,5.4e-06,1.8e-06,14,35.21277075690355,128824.95516931183,7436486.0
8e-06,3e-06,4.2e-06,8.599999999999999e-06,5,1800.3203764773784,2398.832919019474,11596551.0
7e-06,9.8e-06,9.6e-06,3.3999999999999996e-06,15,991.0773193552599,7413.102413009111,15804886.0
1.2e-06,9.2e-06,7e-06,2.5999999999999997e-06,6,428.4355528547894,7079.457843841318,8151191.0
6e-06,3e-06,3.3999999999999996e-06,1e-06,13,11.327025427172263,575439.9373371484,4753103.0
6.2e-06,3.6e-06,9.4e-06,4.2e-06,19,1445.6455962002383,4570.881896148713,12506951.0
6.4e-06,9.8e-06,2.5999999999999997e-06,9.8e-06,5,0.26122515552371994,21379620.8950219,3530137.5
9e-06,4.6e-06,1.6e-06,4.6e-06,13,0.22166034483456276,24547089.15684982,5907935.5
5.7999999999999995e-06,7.8e-06,6e-06,8.2e-06,3,2221.127612339118,3019.951720401994,13180394.0
2.5999999999999997e-06,3.6e-06,8.8e-06,2e-06,9,79.43411846176635,58884.36553555826,7598984.0
3.2e-06,2e-07,1.8e-06,3e-06,13,144.71037825928485,12302.687708123707,3770636.5
7e-06,9.6e-06,3.6e-06,5.7999999999999995e-06,15,0.2063370818244017,15488166.18912451,2850078.5
5.199999999999999e-06,3.8e-06,4.6e-06,7.6e-06,14,2016.2927700661294,2630.267991895363,12198227.0
1.8e-06,5.7999999999999995e-06,7.2e-06,4.2e-06,11,1203.5743097441452,3090.2954325135674,10114387.0
9.4e-06,2.2e-06,5.7999999999999995e-06,5.4e-06,9,1806.1698650579708,3890.451449942776,10835881.0
5.199999999999999e-06,3.3999999999999996e-06,3.3999999999999996e-06,1.4e-06,17,19.157188380026934,323593.65692962374,4549605.0
8.599999999999999e-06,7.2e-06,5.199999999999999e-06,5.7999999999999995e-06,12,1714.5789088527952,4073.8027780410953,15103022.0
4e-06,4e-07,4.4e-06,1.2e-06,15,2.9011890110797967,1412537.5446227319,3059017.8
6.5999999999999995e-06,9.6e-06,4.9999999999999996e-06,5.7999999999999995e-06,8,1569.4108737743147,3890.451449942776,14764702.0
6e-07,9.8e-06,3.3999999999999996e-06,8e-06,3,1414.3184870118896,1258.9254117941596,6037787.5
9.8e-06,7.6e-06,8.599999999999999e-06,2e-06,7,61.08806846133588,125892.54117941519,9309010.0
8e-06,3e-06,6.2e-06,6.799999999999999e-06,14,2194.620127572074,3162.277660168356,12036493.0
6e-07,1.8e-06,5.4e-06,7.2e-06,8,1756.8826775016819,912.0108393559046,4505678.0
1e-06,7e-06,1e-06,7.2e-06,12,0.12720628211616622,50118723.362726204,84280.13
7.3999999999999995e-06,2.5999999999999997e-06,9.2e-06,9.4e-06,16,2786.842119129479,2398.832919019474,11378088.0
4.2e-06,3e-06,2.2e-06,9.2e-06,3,0.5890906450918981,5623413.251903389,2999068.5
8.599999999999999e-06,9e-06,4e-06,7.2e-06,6,208.0244365132522,2187.761623949538,14274686.0
1.2e-06,8.2e-06,6.799999999999999e-06,2e-06,7,100.14634377567832,33113.11214825878,6711789.5
1.2e-06,9.2e-06,8e-06,4.8e-06,15,1236.2103254769636,2398.832919019474,9661729.0
8.8e-06,5.199999999999999e-06,4e-07,4.6e-06,17,0.14318977636273295,43651583.22401571,6636330.5
6e-07,7.8e-06,2.2e-06,6e-07,12,16.376463298694798,257039.5782768829,455876.22
5.199999999999999e-06,2.2e-06,6.5999999999999995e-06,6.5999999999999995e-06,11,2070.7245440803645,2691.5348039268965,10069123.0
1.8e-06,6.4e-06,5.7999999999999995e-06,3.8e-06,1,1168.146067377679,3388.441561392,5654314.5
8.4e-06,2.8e-06,7e-06,9.6e-06,15,2790.1999353324377,2511.8864315095625,11849591.0
5.7999999999999995e-06,3e-06,1e-06,2e-06,7,2.2058006510849735,1659586.9074375338,5804690.0
9.2e-06,5.7999999999999995e-06,3.6e-06,1.8e-06,13,13.528743748068326,199526.23149688536,9066290.0
7.6e-06,2e-07,2.8e-06,4e-07,17,1.9868683503378142,2754228.703338119,10653389.0
2.5999999999999997e-06,2.4e-06,8e-06,9.2e-06,16,2556.0638403408475,1584.8931924611031,8974801.0
4.2e-06,5.7999999999999995e-06,8.8e-06,6.2e-06,18,1909.927828389982,3019.951720401994,13547488.0
6.4e-06,9e-06,2e-06,5.199999999999999e-06,14,0.17334195137907202,33113112.148258444,2564159.2
8.4e-06,6.5999999999999995e-06,3.2e-06,9.4e-06,5,0.3197515278876695,14791083.881681785,5649646.0
4.2e-06,5.199999999999999e-06,4e-06,1.6e-06,19,20.671511010804082,275422.8703338129,7608025.5
1.4e-06,6e-06,3e-06,6.799999999999999e-06,1,204.93769284368105,4897.7881936844215,7879384.5
1.4e-06,3e-06,1.6e-06,1.8e-06,3,16.542619854991916,245470.89156849973,977728.4
6e-06,8e-06,9.2e-06,7.3999999999999995e-06,15,2150.097968789635,3162.277660168356,15334014.0
8e-07,7.6e-06,1.4e-06,6.5999999999999995e-06,5,0.4399095138600633,7943282.347242667,176523.38
4.2e-06,5.199999999999999e-06,1.6e-06,8.2e-06,13,0.10286224166980387,63095734.44801801,1580011.9
3.2e-06,1.8e-06,9.4e-06,7e-06,14,1977.8384041592726,2187.761623949538,8533052.0
4.6e-06,1.6e-06,8e-07,7.6e-06,7,0.2156694405910818,28183829.31264398,4685092.5
9e-06,9.4e-06,4.2e-06,1e-06,12,25.843045115238706,269153.4803926879,7046668.5
4e-07,9e-06,5.4e-06,7.3999999999999995e-06,5,1644.1233259105818,851.1380382023717,4545306.0
5.6e-06,4e-06,9e-06,5.199999999999999e-06,11,1762.4188312062133,3630.7805477009856,12208977.0
9.4e-06,4.6e-06,9.2e-06,6e-06,15,2016.0192134901263,3890.451449942776,14011177.0
9e-06,2.8e-06,5.4e-06,1e-06,13,9.064356051021594,758577.575029172,8075276.5
2.5999999999999997e-06,4.2e-06,3.8e-06,9.6e-06,1,1598.4632588244576,1819.7008586099716,9533863.0
1.4e-06,8.8e-06,9e-06,2.8e-06,9,545.0418879726587,6025.595860743527,9466284.0
1.4e-06,2.2e-06,2.2e-06,1.8e-06,10,15.964019139609348,117489.75549395154,5097375.0
6.799999999999999e-06,1.8e-06,6.4e-06,7.3999999999999995e-06,9,2119.963564453006,2884.031503126585,9747571.0
8.2e-06,5.199999999999999e-06,3.2e-06,4e-06,18,0.2638383627522761,8912509.381337289,3295315.2
9.6e-06,1e-06,6.799999999999999e-06,3.6e-06,4,409.3037436419941,14125.375446227416,7315936.5
3e-06,2e-07,7.2e-06,7.8e-06,1,310.8114437221332,7244.359600749838,3002734.2
7.3999999999999995e-06,1.2e-06,7.8e-06,3.6e-06,16,623.7809939981756,8912.509381337379,8184659.5
4.8e-06,5.6e-06,6.799999999999999e-06,7.6e-06,15,2200.5697689119615,2754.2287033381467,13594175.0
4e-06,7.3999999999999995e-06,6.2e-06,6e-07,13,9.36653027217426,645654.2290346457,2571925.0
4.9999999999999996e-06,2.4e-06,1.4e-06,6.4e-06,17,0.10671967183530727,60255958.60743452,2709847.2
4e-06,9.4e-06,8.4e-06,8.2e-06,4,2198.221557158424,2691.5348039268965,13164769.0
3.6e-06,6.5999999999999995e-06,9.8e-06,8e-06,19,2249.3927128571086,2398.832919019474,13615768.0
7.6e-06,5.4e-06,4.4e-06,6.799999999999999e-06,12,1347.0867017332077,2570.3957827688455,14021749.0
9.8e-06,3.2e-06,4.9999999999999996e-06,2.8e-06,1,824.6915728336909,8511.380382023692,11478008.0
4.6e-06,7.3999999999999995e-06,8.2e-06,2.2e-06,15,119.73613710311224,50118.72336272668,12443345.0
3.3999999999999996e-06,9.4e-06,8.4e-06,3.8e-06,13,1075.2564184794971,5011.872336272681,13983175.0
5.7999999999999995e-06,7e-06,6.5999999999999995e-06,6.4e-06,2,1976.7320214185572,3388.441561392,12260990.0
9.6e-06,4.8e-06,7.8e-06,4e-07,14,1.1752935750639757,4168693.8347032797,6235621.0
6.4e-06,2.5999999999999997e-06,8.8e-06,9.4e-06,12,2767.8874304684896,2290.8676527677576,11030569.0
9.8e-06,1.6e-06,4.4e-06,3.6e-06,19,1003.1211447462188,6309.573444801879,9718388.0
8.2e-06,5.199999999999999e-06,1e-06,9.6e-06,12,0.08706287665071244,77624711.66286755,5614335.5
2e-06,8e-06,6e-06,7.3999999999999995e-06,9,1851.0566860748065,2137.9620895022176,11412342.0
8.8e-06,2.2e-06,3.8e-06,3.6e-06,1,699.7146756153072,5128.613839913606,11790548.0
1.4e-06,7e-06,4.4e-06,8.599999999999999e-06,2,1816.2215649968773,1698.2436524617333,9058390.0
4e-06,5.199999999999999e-06,3e-06,7.3999999999999995e-06,1,7.586156116846934,457088.1896148684,3000917.0
8.599999999999999e-06,3.6e-06,2e-06,8e-06,11,0.13497418095753339,47863009.23226286,5702522.5
8e-06,3e-06,8e-06,1.4e-06,15,20.373863415535766,346736.85045252676,4723288.5
4.8e-06,8e-06,4e-07,8.8e-06,14,0.07821931974894894,85113803.82023586,2142240.0
7.6e-06,7.3999999999999995e-06,8.8e-06,9.2e-06,9,2547.8298359696737,2951.209226666364,14631603.0
2.4e-06,5.6e-06,6.4e-06,1.2e-06,8,36.552067708505824,162181.00973589093,2437342.5
4.8e-06,4.9999999999999996e-06,9.8e-06,3.2e-06,16,935.2236198756042,6456.5422903465005,12917376.0
4e-06,4.2e-06,9.6e-06,7.2e-06,17,2221.1554239875654,2454.7089156850134,12087378.0
7.8e-06,9.2e-06,1.8e-06,7.2e-06,11,0.14318217189653376,44668359.21509541,3784576.8
7.2e-06,6.799999999999999e-06,6e-07,2.8e-06,3,2.8706850753298223,1778279.4100388938,7776580.5
1e-06,8e-07,3.3999999999999996e-06,5.4e-06,1,360.71717943523265,5370.317963702482,4021390.8
4.9999999999999996e-06,4.9999999999999996e-06,6.2e-06,2.2e-06,9,135.46322796254066,44668.359215095836,10126995.0
6e-07,1.6e-06,9.2e-06,5.4e-06,13,1272.7338526379854,1230.2687708123742,4333252.5
2e-06,4.6e-06,8.4e-06,6.799999999999999e-06,13,1978.2543284812507,1949.8445997580325,10087360.0
2.5999999999999997e-06,7.8e-06,2.4e-06,4e-06,13,0.32555888965469776,8128305.1616408415,633481.75
6e-06,6e-07,5.4e-06,4.6e-06,12,233.36071639418412,16218.10097358915,5596473.0
4.2e-06,4e-07,5.199999999999999e-06,2.8e-06,3,135.25494995734553,20892.9613085402,3810171.5
4.9999999999999996e-06,3.2e-06,5.6e-06,2.2e-06,9,138.61432283782472,41686.9383470331,9077905.0
8.8e-06,5.7999999999999995e-06,6.4e-06,3.3999999999999996e-06,10,1065.9750952284776,7244.359600749838,13727118.0
7e-06,9e-06,7.6e-06,7.3999999999999995e-06,9,2111.875646374227,3467.36850452529,15013855.0
6e-06,1.6e-06,5.6e-06,4.4e-06,11,1257.3249342092818,4466.835921509595,9068546.0
4.4e-06,6.799999999999999e-06,4e-07,6.2e-06,9,0.19528307723106536,30902954.325135287,2651010.2
4.2e-06,9.6e-06,8.8e-06,6.5999999999999995e-06,6,1885.1132769335197,3162.277660168356,13641131.0
7.6e-06,2e-06,7.6e-06,6.4e-06,19,2014.960020840019,3162.277660168356,10502816.0
3.6e-06,1.8e-06,9e-06,2.2e-06,12,141.4118817952804,33113.11214825878,7537237.0
8.8e-06,9.2e-06,8.599999999999999e-06,4.6e-06,10,1470.0018258990804,5370.317963702482,15226531.0
9.6e-06,4.8e-06,8.4e-06,4.2e-06,14,1452.4303016703805,5495.4087385761995,13985821.0
5.7999999999999995e-06,1.4e-06,9e-06,5.199999999999999e-06,16,1237.3095044805275,4365.158322401625,8651706.0
6.799999999999999e-06,4.8e-06,9e-06,2.8e-06,12,702.0007724716473,9999.999999999915,12763371.0
4e-06,8.599999999999999e-06,1.6e-06,8.599999999999999e-06,10,0.1264286534116481,51286138.39913543,1322496.4
8.599999999999999e-06,2e-07,8.599999999999999e-06,4.2e-06,6,193.5824069082961,14125.375446227416,3696136.0
4e-06,8.8e-06,3.3999999999999996e-06,4.8e-06,8,0.7030938779987185,1047128.5480508829,2018520.8
5.199999999999999e-06,4.4e-06,5.4e-06,1.6e-06,2,129.7727249020599,50118.72336272668,4728582.5
8.2e-06,7.2e-06,9.4e-06,9e-06,7,2549.6028426668604,3090.2954325135674,14244095.0
5.199999999999999e-06,5.4e-06,4.6e-06,8.4e-06,18,1855.5485577886195,2570.3957827688455,13811394.0
1.8e-06,6.4e-06,6e-06,6.5999999999999995e-06,15,1756.399664700088,2089.2961308540253,10759374.0
5.6e-06,4.4e-06,8.4e-06,1.2e-06,14,22.189562848246116,301995.1720401975,3132180.2
9e-06,2.8e-06,9.2e-06,6e-07,17,1.0543176500018638,4570881.896148668,4761302.5
3e-06,3e-06,4.2e-06,5.6e-06,17,1622.9335228071595,2511.8864315095625,10116564.0
5.4e-06,5.6e-06,4e-07,4.8e-06,13,0.1819672288534631,32359365.692962177,3454572.2
4.8e-06,6.4e-06,8e-07,6.5999999999999995e-06,5,0.3694270431989093,13489628.825916274,3566523.5
8e-06,1.2e-06,4.4e-06,9.6e-06,5,1400.138089033869,4073.8027780410953,8642956.0
5.4e-06,6.4e-06,2.2e-06,5.199999999999999e-06,4,0.8950038481133916,3890451.4499427374,3651184.5
1.4e-06,6e-06,5.7999999999999995e-06,7.3999999999999995e-06,9,1883.3165949350819,1659.5869074375498,9208282.0
4.8e-06,1.4e-06,4e-06,3e-06,7,608.4802190552493,7762.47116628685,7773903.0
4.6e-06,2e-06,7e-06,8.2e-06,9,2350.1686580352894,2238.7211385683245,9544040.0
8e-07,7.6e-06,7.8e-06,9.6e-06,5,2173.843247943231,1047.1285480508936,7070248.5
2.2e-06,3e-06,2.2e-06,3.8e-06,11,0.510731483698353,2691534.8039268698,726055.94
4.6e-06,4e-06,7e-06,1.4e-06,15,22.76288430401307,281838.29312644154,4519483.0
4.6e-06,2e-06,4.8e-06,8.4e-06,9,2272.5455585480813,2238.7211385683245,9568365.0
2e-06,6.799999999999999e-06,5.7999999999999995e-06,1.8e-06,1,302.0340172798847,17782.794100389063,2411273.2
9.6e-06,5.7999999999999995e-06,6.5999999999999995e-06,2e-06,10,48.795889202261236,154881.66189124619,10273967.0
9.4e-06,1.4e-06,9.6e-06,6.4e-06,14,1490.7072488046601,4365.158322401625,9249850.0
6e-06,6.5999999999999995e-06,7.2e-06,7.2e-06,4,2153.4041935217965,3162.277660168356,13032180.0
4.6e-06,2e-06,4.9999999999999996e-06,8.4e-06,8,2296.9492237587583,2238.7211385683245,9554596.0
4.4e-06,5.7999999999999995e-06,2.4e-06,6.4e-06,13,0.15667996948730237,37153522.9097165,1498654.1
7.3999999999999995e-06,4.4e-06,7.8e-06,4.2e-06,6,1454.5176227939294,5011.872336272681,12238955.0
4.8e-06,7.6e-06,1.4e-06,8e-07,6,25.58692259132311,213796.2089502204,3113420.2
2e-06,2.4e-06,2e-06,7.3999999999999995e-06,7,0.289782888206835,15135612.484361785,633557.7
3.2e-06,4.2e-06,1e-06,5.199999999999999e-06,18,0.12238341346736592,51286138.39913543,1143833.2
7e-06,5.199999999999999e-06,6e-06,1.2e-06,10,30.95359773430278,223872.113856831,5529946.5
6.5999999999999995e-06,3.2e-06,1.6e-06,2.8e-06,15,0.449423529693884,5754399.373371464,3821690.5
4.4e-06,5.7999999999999995e-06,7.8e-06,6.5999999999999995e-06,5,2020.168255827621,2951.209226666364,12313881.0
3.6e-06,7.6e-06,1.6e-06,5.4e-06,9,0.26640050025429146,18620871.366628308,1275614.5
4.6e-06,2.8e-06,1.8e-06,4.8e-06,18,0.15654320076824016,36307805.4770094,1940189.6
8.8e-06,8.599999999999999e-06,4.2e-06,7e-06,14,572.861891822778,2089.2961308540253,15855854.0
9.4e-06,5.199999999999999e-06,2.4e-06,6e-07,4,66.46989612030143,89125.09381337352,9094037.0
2e-07,6.4e-06,4e-07,1.6e-06,7,3.52078890834832,512861.3839913573,250825.78
1.2e-06,9.6e-06,3.6e-06,8e-06,17,883.2081036174225,2041.7379446695156,9859954.0
7.3999999999999995e-06,7.8e-06,7.2e-06,6.2e-06,8,1898.8388176032236,3890.451449942776,14417484.0
9.4e-06,1.6e-06,8.599999999999999e-06,5.7999999999999995e-06,9,1652.6963959795505,4073.8027780410953,9698660.0
9.4e-06,5.4e-06,1e-06,4.2e-06,12,0.2553231240626806,20417379.446694892,7171912.0
4.4e-06,9.4e-06,7.2e-06,9.6e-06,9,2370.877996725424,2511.8864315095625,14472403.0
4e-06,1.2e-06,5.7999999999999995e-06,8.8e-06,13,1301.1887196553437,3311.311214825886,7671768.0
7.2e-06,1.8e-06,8.2e-06,5.199999999999999e-06,11,1630.8679207587836,3801.8939632055826,9789223.0
6e-06,3.6e-06,1.8e-06,9.2e-06,14,0.08554970626756385,77624711.66286755,2843844.5
4e-06,3.3999999999999996e-06,4e-06,6.4e-06,1,1576.077354235856,2454.7089156850134,8704104.0
2.2e-06,2.4e-06,9e-06,6.799999999999999e-06,11,2057.7025926838955,1819.7008586099716,8499640.0
2.4e-06,3.6e-06,2.5999999999999997e-06,7e-06,13,0.17371868277873473,26302679.9189533,455772.97
8.4e-06,7e-06,3.8e-06,6.799999999999999e-06,15,1.095608893105239,37153.52290971687,14245025.0
5.6e-06,6.5999999999999995e-06,5.4e-06,4e-06,17,1217.4877058832492,5128.613839913606,14592741.0
9.2e-06,1.6e-06,8.4e-06,7.6e-06,16,2007.5621692328762,3311.311214825886,9826266.0
2e-07,7.3999999999999995e-06,6.799999999999999e-06,9e-06,7,1722.775662059135,524.8074602497699,3412572.5
2.2e-06,4e-07,9.4e-06,7.8e-06,7,276.867644329363,8128.305161640922,3863011.5
6e-06,6.2e-06,7e-06,8.2e-06,15,2327.211391023718,2884.031503126585,14457107.0
5.6e-06,3.3999999999999996e-06,7.6e-06,7.8e-06,13,2407.618920911264,2570.3957827688455,11848656.0
1.4e-06,2.2e-06,8e-06,7e-06,9,1997.9332034239844,1412.5375446227454,7093287.5
5.7999999999999995e-06,2.8e-06,1.4e-06,2.8e-06,5,1.9457145778496188,1862087.136662837,5687152.0
4e-06,4.9999999999999996e-06,1.6e-06,7.6e-06,17,0.0848657674759284,77624711.66286755,1272203.4
2.2e-06,4e-07,9.6e-06,3e-06,15,132.65941818588354,15488.166189124671,3368934.2
8.4e-06,8.2e-06,9.2e-06,1.2e-06,18,19.280468631440215,371535.22909716726,3680313.8
6.4e-06,1.8e-06,2.2e-06,8e-06,14,0.11488200049563776,54954087.38576132,3244924.8
6.4e-06,6.799999999999999e-06,8e-06,4.9999999999999996e-06,6,1625.5796203709262,4365.158322401625,13319452.0
2e-06,9.6e-06,6e-06,6.799999999999999e-06,2,1743.3295900929024,2344.228815319906,10648718.0
7e-06,9.8e-06,7.2e-06,3.8e-06,14,1146.657438734207,6309.573444801879,15762539.0
9e-06,3.6e-06,6e-07,9.4e-06,4,0.2968146627795175,19498445.99758007,10361167.0
7e-06,8.599999999999999e-06,8.599999999999999e-06,1.2e-06,10,30.56343067934681,229086.76527677427,3870754.5
1.2e-06,3.6e-06,4.8e-06,3.3999999999999996e-06,8,891.1981088845718,3019.951720401994,7315612.5
2.8e-06,8e-06,5.6e-06,5.7999999999999995e-06,5,1594.401236599623,2951.209226666364,11964208.0
1.4e-06,3.2e-06,9.6e-06,1e-06,3,93.77585180187404,60255.95860743512,1581635.8
1.4e-06,4e-06,8.8e-06,5.4e-06,5,1638.7022818126713,1905.4607179632346,8086175.5
8.4e-06,6.799999999999999e-06,8e-07,8e-06,17,0.07310779149674089,91201083.93558905,4894079.5
3.6e-06,4.6e-06,1e-06,6.2e-06,10,0.1852224857733497,32359365.692962177,1826157.8
7.2e-06,3e-06,6e-07,7e-06,7,0.22830239955002352,26302679.9189533,7514285.5
1.6e-06,6.5999999999999995e-06,8.599999999999999e-06,4.4e-06,13,1238.3165375706576,2818.3829312644334,10118201.0
2.2e-06,2.5999999999999997e-06,1e-06,1.8e-06,18,0.8932051851755697,2137962.0895021963,737198.2
6e-06,3e-06,9.2e-06,3.2e-06,2,1125.6313893317138,5754.399373371521,7265954.0
2.5999999999999997e-06,5.199999999999999e-06,4.2e-06,2.2e-06,6,135.27942177699526,30199.517204019863,8080371.0
2.4e-06,9.2e-06,6e-07,6.799999999999999e-06,1,2.979656265358342,1737800.8287493472,1461779.0
6e-06,3.8e-06,5.199999999999999e-06,3e-06,16,815.4146795019705,7585.775750291772,12299217.0
9.2e-06,8.2e-06,8.2e-06,6.5999999999999995e-06,12,2011.8411085898626,3981.0717055349414,15579967.0
2.8e-06,4e-06,3.2e-06,2.5999999999999997e-06,4,33.39258128008355,60255.95860743512,7917424.5
7.2e-06,7e-06,3.3999999999999996e-06,7e-06,6,0.43244081071482415,5623413.251903389,4376788.5
1.6e-06,2.8e-06,9.6e-06,4e-06,14,1216.5544770739457,2630.267991895363,7959677.0
5.7999999999999995e-06,2e-06,4.4e-06,2.8e-06,9,655.9613650707145,8317.637711026638,9177375.0
1.4e-06,3.2e-06,8.599999999999999e-06,2.2e-06,3,321.07182447362743,10232.929922807454,4906277.5
6e-07,7.2e-06,1e-06,2.8e-06,5,1.8510380460894194,1288249.5516931135,299654.3
3.8e-06,9.6e-06,5.7999999999999995e-06,5.6e-06,15,1552.342620685027,3467.36850452529,14833064.0
9e-06,1.8e-06,2.4e-06,6e-07,1,212.4153513170231,30199.517204019863,11995090.0
9.6e-06,9.6e-06,5.6e-06,3.6e-06,9,1073.2782165438073,7244.359600749838,14904913.0
2e-06,5.199999999999999e-06,2e-06,9.2e-06,8,0.1667288292899918,36307805.4770094,402826.72
4.4e-06,1.4e-06,2.2e-06,2.2e-06,9,4.905153546189817,398107.1705534915,2272369.0
3.8e-06,8.2e-06,9.8e-06,4.2e-06,19,1260.785365882851,4466.835921509595,14498528.0
1.6e-06,4e-06,6.5999999999999995e-06,1.2e-06,10,29.64361894579661,169824.36524617227,2231095.0
9.4e-06,1.2e-06,4.4e-06,5.199999999999999e-06,6,928.8660444120316,6456.5422903465005,9771440.0
1.6e-06,7.3999999999999995e-06,4.4e-06,1.4e-06,2,119.65463688692184,46773.51412871932,2131999.8
2e-07,4.9999999999999996e-06,4.8e-06,6.5999999999999995e-06,13,1370.4965240055324,630.9573444801899,3284260.2
3.2e-06,8e-06,7.6e-06,6e-07,16,3.0253628076110224,1621810.0973589038,1710294.6
7.6e-06,4.2e-06,9.6e-06,8.599999999999999e-06,14,2611.6564540482386,2754.2287033381467,13252981.0
4e-07,8e-06,6.799999999999999e-06,1.4e-06,19,20.43352460835908,91201.08393558991,2418586.0
5.7999999999999995e-06,2.4e-06,5.4e-06,5.7999999999999995e-06,4,1901.0111829444263,3162.277660168356,10161034.0
8e-07,5.7999999999999995e-06,4.4e-06,9.2e-06,6,1968.383808791022,1096.4781961431788,6777176.0
8e-06,6.799999999999999e-06,8.4e-06,4.8e-06,10,1582.9936184148414,4786.300923226344,14369277.0
4.8e-06,9e-06,9.4e-06,4.2e-06,5,1303.7153888400633,4897.7881936844215,13043546.0
5.199999999999999e-06,1.2e-06,9.4e-06,5.4e-06,8,922.0593543104756,5370.317963702482,7941302.5
8.8e-06,1e-06,9.4e-06,1.4e-06,13,4.08922871221029,1548816.6189124566,4231384.5
6.799999999999999e-06,9e-06,2.5999999999999997e-06,8e-06,19,0.0759102270190403,85113803.82023586,2299464.2
4.6e-06,7e-06,7.2e-06,4.9999999999999996e-06,8,1556.4026907127588,3890.451449942776,13258562.0
3e-06,5.7999999999999995e-06,2e-06,6.4e-06,12,0.16383389839265736,35481338.92335683,789244.75
4e-07,7.6e-06,3e-06,8e-06,9,1490.9869576349672,870.9635899560758,4494545.5
8e-06,2.4e-06,4.4e-06,8.8e-06,8,2268.141130907414,2630.267991895363,11009226.0
3e-06,1e-06,2e-06,7e-06,2,2.791628651460339,562341.3251903408,2304596.5
5.7999999999999995e-06,3.3999999999999996e-06,3.3999999999999996e-06,7.2e-06,7,24.0932367352211,7585.775750291772,11456623.0
5.7999999999999995e-06,6.4e-06,2.5999999999999997e-06,9e-06,14,0.09366306240273117,69183097.0918922,2107017.8
3.8e-06,1.6e-06,4.9999999999999996e-06,7.6e-06,6,1901.9786853334563,2398.832919019474,8496715.0
9.6e-06,9.8e-06,1.2e-06,9.2e-06,16,0.06732596518011494,99999999.99999788,4536273.5
9e-06,6e-06,2.8e-06,1.2e-06,11,19.524272008872533,199526.23149688536,3743269.0
4.6e-06,4.2e-06,4e-07,6.5999999999999995e-06,17,0.09037858362597564,74131024.13009019,2757601.2
4.8e-06,7.6e-06,1.8e-06,6e-07,4,50.171786838551085,120226.44346173984,3529450.0
6.799999999999999e-06,6.799999999999999e-06,1.2e-06,4.6e-06,6,0.5243254252554231,8128305.1616408415,5171999.0
9.4e-06,6.2e-06,3.8e-06,4.6e-06,17,0.6416652190520178,123026.87708123666,14268585.0
4.2e-06,5.7999999999999995e-06,8.8e-06,8.4e-06,6,2398.344576118839,2454.7089156850134,12428788.0
9.8e-06,2e-06,9.8e-06,5.199999999999999e-06,4,1774.027575730652,4073.8027780410953,10147698.0
7e-06,8e-07,8.2e-06,4e-06,5,285.34525159135836,16595.869074375452,6460819.5
7.8e-06,7.6e-06,7.2e-06,9e-06,3,2491.099242985935,3019.951720401994,13479004.0
8e-07,6.799999999999999e-06,3.6e-06,2.2e-06,10,156.06242749475967,13803.842646028725,6342435.5
4e-06,8e-06,8.8e-06,4.6e-06,9,1407.5681226348809,4073.8027780410953,13445333.0
7.8e-06,7.8e-06,8.2e-06,4.9999999999999996e-06,12,1605.786450941517,4677.3514128719435,15106022.0
7.8e-06,1e-06,7.6e-06,6e-07,18,1.0971123041439819,4570881.896148668,4576847.5
4e-07,8.2e-06,4.4e-06,9.8e-06,10,1927.8061763897626,691.8309709189327,4549781.5
2.4e-06,5.4e-06,9.6e-06,3.3999999999999996e-06,6,977.7083130168867,4466.835921509595,10185504.0
5.199999999999999e-06,2.2e-06,6.799999999999999e-06,1.8e-06,10,36.097831453972645,169824.36524617227,6470821.5
8.4e-06,9e-06,9.4e-06,2e-06,17,37.897070497344345,199526.23149688536,12909997.0
7.2e-06,6.2e-06,2e-06,7.2e-06,11,0.14953631058778896,41686938.347032696,3892598.0
6.4e-06,2.4e-06,9.8e-06,9.2e-06,7,2734.003417434153,2344.228815319906,10619724.0
2.4e-06,1.8e-06,4.9999999999999996e-06,1.6e-06,12,22.340858597629285,213796.2089502204,4556440.0
4.2e-06,9.4e-06,6.5999999999999995e-06,9.4e-06,17,2280.960637336792,2511.8864315095625,15268440.0
8.8e-06,2.2e-06,9.6e-06,4e-06,11,1378.3620433965093,5128.613839913606,10612639.0
4.6e-06,1e-06,1e-06,6e-06,10,0.2100835850469871,27542287.03338112,4237255.0
7.3999999999999995e-06,3e-06,4.4e-06,4.2e-06,15,1306.1466434823735,4265.795188015893,11895595.0
4.2e-06,4.2e-06,4.6e-06,6.2e-06,12,1750.2250352431406,2818.3829312644334,11956105.0
4.9999999999999996e-06,3e-06,3.3999999999999996e-06,4.6e-06,14,249.63145915699425,2398.832919019474,11140335.0
9.4e-06,8.2e-06,5.199999999999999e-06,1.8e-06,16,25.19131060997991,295120.92266663455,10811002.0
4.4e-06,7.2e-06,6.799999999999999e-06,7.3999999999999995e-06,2,2138.339491245686,2818.3829312644334,12120474.0
4.4e-06,6e-07,8e-07,8e-06,9,0.16111851447420528,39810717.05534892,4249872.0
2.2e-06,2e-06,4.6e-06,3e-06,19,723.4447507330702,4786.300923226344,7937645.5
3.6e-06,5.7999999999999995e-06,7e-06,5.199999999999999e-06,11,1606.3713473120274,3311.311214825886,12498581.0
8e-07,4e-07,7.3999999999999995e-06,2.5999999999999997e-06,9,103.26490207115903,11481.536214968728,2462427.0
9e-06,7.2e-06,2e-06,9e-06,15,0.07972915109808483,83176377.11026536,4390004.0
6e-07,4e-06,7.3999999999999995e-06,9.6e-06,14,2329.9752948795426,741.3102413009135,5329402.0
1.4e-06,3.3999999999999996e-06,2.5999999999999997e-06,5.199999999999999e-06,5,155.38139404966796,2951.209226666364,7811057.5
7.2e-06,6.5999999999999995e-06,9e-06,7.2e-06,16,2185.7030196662895,3311.311214825886,15083428.0
3.6e-06,6.5999999999999995e-06,7.8e-06,2e-06,10,63.858342039402025,87096.35899560705,9521458.0
1.8e-06,7.2e-06,9.6e-06,4.4e-06,18,1239.746969200398,3019.951720401994,11119649.0
4.4e-06,4e-06,2.5999999999999997e-06,9e-06,12,0.11757163233084865,53703179.637024164,1571075.4
2.5999999999999997e-06,2e-06,5.199999999999999e-06,7.8e-06,3,2170.4409171275256,1862.0871366628553,8278418.0
3.3999999999999996e-06,4e-07,2e-06,1e-06,2,15.689217657526786,354813.38923357043,4502533.0
2.5999999999999997e-06,9.8e-06,7.6e-06,7.3999999999999995e-06,16,1903.2278114306116,2454.7089156850134,13660354.0
1.8e-06,1.2e-06,2.8e-06,2.4e-06,2,199.38212906012257,14791.08388168194,3989432.8
6e-07,4.9999999999999996e-06,4.9999999999999996e-06,7.6e-06,4,1877.1404537645647,954.9925860214306,5505030.5
3.6e-06,9.6e-06,9e-06,3.8e-06,13,1083.4001172620012,5128.613839913606,14183644.0
9.2e-06,1.2e-06,2.2e-06,6.4e-06,11,0.21663778534398503,24547089.15684982,6966006.5
5.4e-06,5.6e-06,4.8e-06,7.6e-06,1,2038.2526806293763,2754.2287033381467,10612970.0
7e-06,8.4e-06,4.2e-06,7.2e-06,2,804.8345539593087,2187.761623949538,12913222.0
7.3999999999999995e-06,4.9999999999999996e-06,7.3999999999999995e-06,1.8e-06,13,31.21696396616614,229086.76527677427,9118488.0
9.2e-06,3.2e-06,3.3999999999999996e-06,4e-07,12,1.6533856100852846,3388441.5613919664,8128990.5
8.4e-06,8.4e-06,2.4e-06,4e-06,11,0.36558233238928567,9999999.999999812,4308307.5
6.4e-06,3.6e-06,8.4e-06,8.599999999999999e-06,7,2611.014637719774,2570.3957827688455,11905122.0
3e-06,6.2e-06,2.4e-06,5.6e-06,2,2.5857322933107416,1348962.8825916322,1702323.9
7.6e-06,5.6e-06,8e-06,4.2e-06,15,1403.8570714621599,5248.0746024976825,14296493.0
9.2e-06,2.4e-06,1e-06,7.6e-06,10,0.1448816267951158,45708818.96148658,8722506.0
1e-06,8.599999999999999e-06,7.3999999999999995e-06,8e-06,16,1873.0817600890755,1380.384264602876,8655781.0
3.6e-06,4.6e-06,9e-06,2e-06,2,230.11068171574954,25118.86431509556,3888456.2
9.8e-06,7.8e-06,4.6e-06,7.6e-06,3,1522.0644773781055,2691.5348039268965,13544207.0
8.4e-06,4.6e-06,8e-07,6.799999999999999e-06,2,1.169235431172513,3890451.4499427374,10874760.0
6.799999999999999e-06,1.4e-06,4.2e-06,8.599999999999999e-06,11,1731.1323530467157,3162.277660168356,8966555.0
6e-07,9.6e-06,5.4e-06,1.4e-06,11,27.745871152617934,102329.2992280742,2783131.0
2.8e-06,4e-06,6.4e-06,2e-06,18,54.41871056825346,85113.80382023666,9292002.0
4.9999999999999996e-06,4.8e-06,2e-06,1e-06,18,9.440186338019624,371535.22909716726,1279498.5
9e-06,3.8e-06,1.2e-06,9.8e-06,14,0.07405603843820023,91201083.93558905,6008813.5
8e-07,6.4e-06,1.8e-06,8e-07,17,9.542806560791572,389045.144994275,703147.75
8e-07,6.799999999999999e-06,8.8e-06,9.8e-06,18,2244.9971675340444,977.2372209558052,7177780.5
9e-06,9.2e-06,8.599999999999999e-06,5.4e-06,4,1724.408635433725,4677.3514128719435,13662209.0
3.3999999999999996e-06,7.8e-06,7.2e-06,9.4e-06,18,2346.780262923685,2187.761623949538,13998584.0
1e-06,2.4e-06,8.2e-06,6e-07,18,1.0204659678446573,2818382.9312644056,801103.06
9.6e-06,2e-06,4e-06,5.7999999999999995e-06,3,1586.0648473760243,3162.277660168356,11517825.0
3.6e-06,7.6e-06,1.8e-06,6.4e-06,12,0.15536427841425113,38904514.499427274,1068168.1
6.799999999999999e-06,8.599999999999999e-06,1.2e-06,6e-06,1,4.06319431994062,1318256.7385563862,6768181.0
8.599999999999999e-06,1.8e-06,4e-06,4.2e-06,3,1243.643185790298,4466.835921509595,10392774.0
1.4e-06,1.4e-06,3e-06,3.3999999999999996e-06,8,655.4077452492895,3715.3522909716967,5889928.0
4.6e-06,1.8e-06,1e-06,7.2e-06,11,0.14227394101730234,45708818.96148658,3515418.0
2e-07,9.4e-06,8.8e-06,4.9999999999999996e-06,10,969.4965382266729,933.2543007969858,3447626.5
7.2e-06,4e-06,4.6e-06,3.3999999999999996e-06,2,998.0343247536111,5888.43655355584,8181001.5
2e-07,4e-07,9e-06,6.2e-06,19,180.905696661306,3090.2954325135674,1818568.5
4e-07,5.4e-06,3e-06,7.6e-06,15,1576.9672561819912,794.3282347242772,4317117.5
3.3999999999999996e-06,9e-06,5.199999999999999e-06,4.9999999999999996e-06,19,1363.1065843836868,3630.7805477009856,14577836.0
6.5999999999999995e-06,1.4e-06,4.9999999999999996e-06,5.4e-06,16,1281.2369792692257,4365.158322401625,8822436.0
6.4e-06,8.8e-06,9e-06,3.8e-06,13,1169.335277082506,6025.595860743527,15166838.0
5.7999999999999995e-06,9.4e-06,8.8e-06,4.6e-06,8,1427.1877678375877,4786.300923226344,14352813.0
8e-06,7.6e-06,9.4e-06,3e-06,11,819.9914334114854,9332.54300796983,14312719.0
6.4e-06,5.4e-06,4e-07,1e-06,8,8.460310476096025,575439.9373371484,4887997.0
3.8e-06,4.4e-06,7.3999999999999995e-06,4.6e-06,2,1571.152129583892,3467.36850452529,9695256.0
4e-06,8.4e-06,1.8e-06,4.9999999999999996e-06,8,0.35046803339363297,12302687.70812358,1620703.1
6e-06,1.8e-06,2.4e-06,3.6e-06,10,0.7019814971431807,2344228.8153198822,3775341.0
9e-06,9e-06,9.4e-06,4.2e-06,1,1534.8009860851712,5128.613839913606,7182180.0
7.8e-06,1e-06,7.2e-06,4.8e-06,12,523.3647537028959,10232.929922807454,7709240.5
2.5999999999999997e-06,8.2e-06,4e-06,2.2e-06,13,73.86295352031601,38018.93963205573,11052020.0
3.3999999999999996e-06,2e-07,2e-06,8.2e-06,18,259.0347107523522,7413.102413009111,2804511.8
4.9999999999999996e-06,7.8e-06,1e-06,2.5999999999999997e-06,16,0.39460035919296865,8317637.711026555,2012688.8
4.9999999999999996e-06,3.6e-06,6.2e-06,4.8e-06,9,1603.7992745077256,3715.3522909716967,11450427.0
6.4e-06,6.5999999999999995e-06,2e-06,1.8e-06,1,43.4682008171173,141253.75446227368,6026493.5
6.799999999999999e-06,5.199999999999999e-06,9.8e-06,5.6e-06,1,2045.1163974056099,3467.36850452529,8810614.0
5.6e-06,6.4e-06,3.6e-06,3e-06,10,3.078464558690276,251188.64315095462,13011758.0
7.8e-06,4.8e-06,6.799999999999999e-06,5.6e-06,13,1850.2573311111476,3981.0717055349414,13716805.0
5.199999999999999e-06,2.4e-06,9.6e-06,8e-06,9,2459.2377299575583,2344.228815319906,10317325.0
9.4e-06,7e-06,4.6e-06,9.4e-06,18,1553.2860234809636,2570.3957827688455,15800444.0
4.8e-06,4.9999999999999996e-06,9.8e-06,8e-07,2,159.20121779839758,41686.9383470331,2688062.0
4e-07,7.3999999999999995e-06,5.7999999999999995e-06,5.7999999999999995e-06,8,1398.3288036148306,977.2372209558052,4444281.0
8.4e-06,3e-06,2.8e-06,2.5999999999999997e-06,18,0.6974983051167447,2041737.9446694953,3262657.2
1.6e-06,6.5999999999999995e-06,4e-07,7.6e-06,12,0.11056783784535154,60255958.60743452,230696.55
1.2e-06,1.8e-06,6e-06,1.4e-06,2,116.73247502413841,40738.02778041085,2094871.8
8e-06,2.5999999999999997e-06,9.8e-06,4e-06,8,1412.5875299872973,5011.872336272681,10934619.0
9e-06,5.7999999999999995e-06,8e-07,5.6e-06,3,0.9038098117982422,5011872.336272632,10171839.0
6e-06,6e-06,6e-07,1.8e-06,5,3.5402414500169503,1380384.264602863,5736765.5
8.2e-06,7.3999999999999995e-06,7.2e-06,6.5999999999999995e-06,15,2005.5061194587618,3801.8939632055826,15584687.0
6.2e-06,3.3999999999999996e-06,9e-06,1.8e-06,9,41.336618342534265,162181.00973589093,7151699.5
8.2e-06,2.8e-06,1.4e-06,6.5999999999999995e-06,18,0.09495197780403461,69183097.0918922,5421982.5
6.4e-06,8.8e-06,2.8e-06,2.5999999999999997e-06,12,0.9109353325211501,2398832.9190194495,2653405.0
4.6e-06,2e-07,4.4e-06,1.6e-06,8,67.54702689146117,30199.517204019863,3038875.8
1.6e-06,5.6e-06,5.4e-06,6.799999999999999e-06,7,1793.2032928652247,1905.4607179632346,9476086.0
1.4e-06,8.2e-06,6.799999999999999e-06,4.8e-06,3,1311.2879133479987,2570.3957827688455,9067530.0
9.6e-06,1e-06,6.5999999999999995e-06,6e-06,2,660.5524030611801,8912.509381337379,7696736.5
2e-07,2e-06,4.8e-06,4e-07,5,17.396651418559802,251188.64315095462,244954.67
1.4e-06,4.6e-06,9.4e-06,7.8e-06,11,2142.022154326179,1445.4397707459184,8676328.0
1.2e-06,1.4e-06,6.5999999999999995e-06,9.4e-06,11,1737.2629349668896,1380.384264602876,5829051.0
2.4e-06,6.799999999999999e-06,2e-06,1.4e-06,2,35.60866757185986,154881.66189124619,1358689.0
5.4e-06,9e-06,9.6e-06,6e-07,3,106.32999539189923,63095.73444801863,3091970.2
6.4e-06,2.8e-06,3.8e-06,4e-06,16,783.2706054630466,3090.2954325135674,11383956.0
6.799999999999999e-06,2e-06,2.2e-06,3.3999999999999996e-06,6,1.4829999871440485,1737800.8287493472,5806898.5
4e-07,1.8e-06,2e-06,8e-07,14,2.5733102854441365,870963.589956067,741915.1
2e-07,3.2e-06,8.599999999999999e-06,7.3999999999999995e-06,7,1656.455110489791,524.8074602497699,3150336.8
4.2e-06,2.2e-06,4e-07,7.3999999999999995e-06,13,0.10560627899570596,63095734.44801801,3386242.2
7.8e-06,2e-07,2.8e-06,2.2e-06,9,115.31809292965218,20892.9613085402,10516835.0
2.8e-06,3.8e-06,1.8e-06,3.8e-06,10,0.4559220628980934,5888436.553555782,1079928.6
9e-06,6.2e-06,3.6e-06,2.8e-06,19,0.7801420652785283,999999.9999999842,2484912.0
2.2e-06,1.4e-06,1e-06,6.5999999999999995e-06,7,0.27628375211809225,19498445.99758007,1453667.6
2e-06,4.4e-06,3.2e-06,4.6e-06,15,398.55653262132216,2290.8676527677576,10005613.0
6.4e-06,5.199999999999999e-06,6e-06,8.2e-06,12,2327.2658422655395,2884.031503126585,13655211.0
5.7999999999999995e-06,8.599999999999999e-06,9e-06,4.2e-06,9,1315.1531403905383,5128.613839913606,14256870.0
6.5999999999999995e-06,7.3999999999999995e-06,1.4e-06,3.6e-06,11,0.37460528485540484,10471285.480508799,3707881.2
2.2e-06,5.199999999999999e-06,8.2e-06,1.2e-06,6,47.212853455080406,123026.87708123666,2349594.5
3.6e-06,1.4e-06,4.2e-06,6.2e-06,3,1401.3166914437274,3090.2954325135674,7761829.0
3.3999999999999996e-06,3.6e-06,1.4e-06,1.8e-06,16,1.1786469569143516,1905460.717963216,1078952.6
3.2e-06,1.2e-06,4.6e-06,6e-06,8,982.333606332451,3981.0717055349414,7319916.0
1.8e-06,4e-07,9.8e-06,4.4e-06,15,183.93074251277352,10471.285480508906,3442272.0
6.2e-06,6.5999999999999995e-06,8e-06,9.6e-06,9,2601.5778645240302,2630.267991895363,14028216.0
5.7999999999999995e-06,2e-06,9.4e-06,8.8e-06,11,2521.3906065461947,2344.228815319906,9929835.0
1e-06,3.8e-06,6e-06,5.6e-06,10,1590.7645378224834,1548.8166189124713,7016422.0
8e-07,5.7999999999999995e-06,7.3999999999999995e-06,5.7999999999999995e-06,15,1539.6803818226902,1412.5375446227454,6911461.0
3.2e-06,5.7999999999999995e-06,4.9999999999999996e-06,9.6e-06,16,2146.9828113657586,2137.9620895022176,12638968.0
5.7999999999999995e-06,4.6e-06,6.5999999999999995e-06,1.8e-06,1,297.6207389313168,22387.211385683186,4558273.0
2.5999999999999997e-06,6.799999999999999e-06,4e-07,5.7999999999999995e-06,1,3.73145880189112,1412537.5446227319,2242750.0
6.799999999999999e-06,5.7999999999999995e-06,9.2e-06,8.599999999999999e-06,12,2506.6288404653274,2818.3829312644334,14116524.0
2.5999999999999997e-06,1.8e-06,9.2e-06,5.4e-06,3,1635.7877637702863,2454.7089156850134,7756508.0
6.799999999999999e-06,4.8e-06,4.9999999999999996e-06,4.4e-06,18,1392.5595146682629,4466.835921509595,13889215.0
7.2e-06,5.199999999999999e-06,8e-06,8e-07,8,36.97570355941622,186208.71366628434,4565906.5
4.2e-06,9.6e-06,5.199999999999999e-06,8.4e-06,13,1931.1719421562627,2754.2287033381467,14988283.0
4.9999999999999996e-06,4.6e-06,9.8e-06,9.6e-06,4,2755.3322444102223,2290.8676527677576,11954678.0
2.2e-06,7.6e-06,9.2e-06,7.3999999999999995e-06,6,2003.8573696763563,2137.9620895022176,11275400.0
7.3999999999999995e-06,6e-06,7e-06,8.4e-06,5,2426.0602361803935,3019.951720401994,13337256.0
4.6e-06,4.9999999999999996e-06,2.5999999999999997e-06,3.8e-06,14,0.34455215914891535,6760829.753919693,1667137.9
1.4e-06,4e-06,1.8e-06,4e-07,11,3.015884163472629,1737800.8287493472,670164.6
9e-06,4.6e-06,9.6e-06,6.5999999999999995e-06,13,2170.1558685641075,3630.7805477009856,13766213.0
8.8e-06,9.6e-06,3e-06,4.8e-06,9,0.39194815057400884,8317637.711026555,5079374.0
9.8e-06,2.2e-06,6e-07,9.6e-06,17,0.05934876872921746,114815362.14968581,8056472.0
5.6e-06,6.5999999999999995e-06,2.5999999999999997e-06,8e-07,6,42.24363163948985,125892.54117941519,3433420.2
7.3999999999999995e-06,9.4e-06,9e-06,7.8e-06,14,2203.908508019435,3388.441561392,16035702.0
6.2e-06,4.8e-06,9.8e-06,6.799999999999999e-06,3,2219.8937320684327,3090.2954325135674,12070325.0
2e-06,7e-06,9e-06,7.3999999999999995e-06,18,1988.1204377126255,1995.2623149688663,11580986.0
6.2e-06,4.2e-06,9e-06,1.4e-06,5,56.30279603087532,120226.44346173984,3694956.2
7e-06,8e-06,8.2e-06,6.799999999999999e-06,4,2060.476292144658,3548.1338923357275,13490612.0
8.599999999999999e-06,8e-06,1.6e-06,8e-06,15,0.08834929477920755,75857757.50291678,4088439.2
6.799999999999999e-06,7e-06,4.6e-06,9e-06,18,1647.8162915184257,2630.267991895363,15353985.0
1e-06,5.7999999999999995e-06,8e-06,1.6e-06,14,29.333198828135913,112201.84543019501,5032740.5
1.2e-06,8.599999999999999e-06,7.8e-06,7e-06,6,1753.1179114351778,1737.8008287493642,9041046.0
9.6e-06,7.8e-06,8e-06,1e-06,5,59.0989218129422,117489.75549395154,6391832.0
2.8e-06,1e-06,2.8e-06,4e-06,12,388.78562251374416,6918.309709189306,6344994.5
9.8e-06,9.4e-06,6.5999999999999995e-06,9.4e-06,6,2443.128518321152,3311.311214825886,14745227.0
6.2e-06,6.4e-06,7.3999999999999995e-06,9.6e-06,17,2577.3659768019684,2630.267991895363,14786622.0
8e-06,4.4e-06,4.2e-06,9.4e-06,12,1085.567759488991,2187.761623949538,13359885.0
2.2e-06,9.8e-06,2.5999999999999997e-06,3.6e-06,6,1.2394240930542046,1778279.4100388938,825864.94
2.5999999999999997e-06,2.4e-06,1.4e-06,3.8e-06,10,0.43469748131193436,6606934.480075838,1266733.0
2.2e-06,6.2e-06,1.6e-06,7.6e-06,3,0.6611453788108063,5623413.251903389,904392.0
2e-06,3.2e-06,7e-06,1e-06,16,8.933911809455086,562341.3251903408,1903930.0
3.2e-06,4e-06,1e-06,5.7999999999999995e-06,14,0.13982886274434794,44668359.21509541,1326909.5
5.199999999999999e-06,5.199999999999999e-06,4.9999999999999996e-06,2.8e-06,5,637.5119423422323,9120.10839355902,10395607.0
1.8e-06,1.2e-06,8.8e-06,6e-07,13,1.687824069205787,2630267.991895337,1120214.4
3.8e-06,7.6e-06,6.5999999999999995e-06,8e-06,14,2125.700743235777,2570.3957827688455,14024021.0
3.3999999999999996e-06,9e-06,4.8e-06,1.2e-06,18,18.968669878391765,316227.76601683354,2430469.2
8.2e-06,6.4e-06,5.6e-06,9.4e-06,6,2426.3491207676198,3019.951720401994,13814129.0
5.7999999999999995e-06,2e-07,3.8e-06,9e-06,18,299.22760232746015,7943.282347242746,3030867.8
9e-06,9.2e-06,6.799999999999999e-06,9.6e-06,13,2468.811557916435,3162.277660168356,16121636.0
1.4e-06,5.6e-06,7.6e-06,1.4e-06,5,55.25472647347922,89125.09381337352,2539338.8
8.4e-06,4.2e-06,1.2e-06,5.4e-06,9,0.2575555803845394,20892961.308539983,6887328.5
7.8e-06,8.2e-06,3.8e-06,6e-07,1,287.882479237472,22387.211385683186,9372289.0
2.4e-06,3.2e-06,9.6e-06,6.4e-06,12,1994.5949065148925,2041.7379446695156,9544035.0
6.4e-06,1.6e-06,9e-06,2.4e-06,16,266.8970134298907,21379.620895022123,8417514.0
2e-06,9e-06,3.8e-06,9e-06,12,689.2573430069037,2344.228815319906,12020362.0
2.5999999999999997e-06,1e-06,1.6e-06,2.8e-06,7,1.9938419492822221,912010.8393558954,1770876.5
8.2e-06,6.2e-06,5.7999999999999995e-06,3.8e-06,11,1213.584262567255,6025.595860743527,14160801.0
6.2e-06,9.2e-06,4.8e-06,7.8e-06,10,1734.717367704514,3019.951720401994,15145281.0
7e-06,2.8e-06,3.8e-06,4.2e-06,15,753.9092053919285,2818.3829312644334,11511963.0
9.2e-06,7.3999999999999995e-06,2.5999999999999997e-06,9.2e-06,19,0.06425039900144354,102329299.22807324,3736509.8
2e-07,5.7999999999999995e-06,3.6e-06,6.4e-06,15,1252.7337801515403,676.0829753919782,3336907.8
7e-06,8.599999999999999e-06,5.7999999999999995e-06,6.799999999999999e-06,16,1918.444976217489,3630.7805477009856,15968644.0
8e-07,7.3999999999999995e-06,1e-06,9.8e-06,4,0.3034527887716322,18197008.586099476,83310.016
4.6e-06,5.199999999999999e-06,6e-07,7.8e-06,8,0.1692061752193062,37153522.9097165,3212654.8
6.4e-06,8.599999999999999e-06,3.3999999999999996e-06,7.2e-06,3,1.1257073194402676,1778279.4100388938,4686650.5
4.4e-06,2e-07,2e-06,4.4e-06,18,189.02679163453482,10964.781961431756,4621454.0
1.4e-06,8.2e-06,7.3999999999999995e-06,6.5999999999999995e-06,8,1698.5762957273498,1949.8445997580325,9802664.0
2e-06,8.2e-06,6e-07,2.2e-06,18,0.4479453777045902,5888436.553555782,235314.75
6.5999999999999995e-06,5.7999999999999995e-06,3.2e-06,2.8e-06,8,2.1167689170211155,977237.2209557953,3658137.8
4e-07,3.6e-06,6e-07,7.3999999999999995e-06,6,0.2681512975925173,21379620.8950219,50139.27
1.4e-06,2.4e-06,8.4e-06,9.6e-06,8,2534.5424536297983,1148.1536214968762,7283096.0
4.4e-06,7.8e-06,9.6e-06,4.4e-06,11,1364.5216192508474,4466.835921509595,13856836.0
4.4e-06,9.2e-06,4.8e-06,5.6e-06,1,1494.9937325689473,3467.36850452529,9124018.0
6.4e-06,4e-06,2.4e-06,9.8e-06,11,0.11013911863813845,58884365.53555767,3235597.5
3e-06,5.7999999999999995e-06,9.4e-06,6.799999999999999e-06,14,2002.9372235321516,2454.7089156850134,12282238.0
8.4e-06,9.4e-06,3.8e-06,3.6e-06,17,0.702519001726712,363078.0547700962,15128055.0
4.2e-06,9.2e-06,6.2e-06,4.8e-06,16,1396.9447503738281,4073.8027780410953,15019811.0
1.6e-06,7.2e-06,3.3999999999999996e-06,8e-06,2,665.9569954039038,1949.8445997580325,9530239.0
7e-06,5.7999999999999995e-06,3.2e-06,5.4e-06,10,0.3243702218022124,9332543.007969735,3590120.2
2.2e-06,2.4e-06,8e-07,3.6e-06,19,0.19409120028205198,26302679.9189533,706342.4
9e-06,5.4e-06,2.8e-06,7.6e-06,5,0.40620424772243235,10232929.922807349,6589058.0
6.2e-06,1e-06,3.8e-06,2e-06,16,15.185980176742836,323593.65692962374,6215714.0
6e-06,1e-06,2.4e-06,3e-06,15,1.225261294313317,363078.0547700962,2086007.8
7.8e-06,1.6e-06,5.4e-06,7.2e-06,13,1893.4248536890657,3235.9365692962583,9602006.0
8.2e-06,6.4e-06,1.4e-06,1.2e-06,2,28.86799748548858,208929.61308540122,8111017.5
5.199999999999999e-06,1.8e-06,7.2e-06,2.4e-06,10,306.3439860994708,17782.794100389063,8183769.0
6.4e-06,6.5999999999999995e-06,3.3999999999999996e-06,4.9999999999999996e-06,1,21.93068799482973,194984.459975802,5932752.0
8.2e-06,2.8e-06,7e-06,1.8e-06,5,61.91483111391526,112201.84543019501,6408513.0
7.2e-06,9e-06,8.8e-06,6e-06,18,1824.5176109057504,3981.0717055349414,16283615.0
8.599999999999999e-06,3.8e-06,1.8e-06,5.7999999999999995e-06,10,0.22473139778327392,25118864.315095305,6079595.5
7.8e-06,9.4e-06,2.2e-06,2e-06,12,1.3892457453470504,2137962.0895021963,3328913.2
4.9999999999999996e-06,1.2e-06,2.4e-06,2e-06,14,7.479827473772136,204173.79446695026,5938522.0
4.2e-06,8e-07,4.9999999999999996e-06,6.4e-06,8,402.4352109236788,9549.925860214278,6404389.5
8e-06,6.5999999999999995e-06,9.2e-06,8.8e-06,3,2569.389513698389,3019.951720401994,13226817.0
8e-06,3e-06,1e-06,2.5999999999999997e-06,13,0.5372677023881085,5623413.251903389,6780435.0
1.8e-06,7.2e-06,5.7999999999999995e-06,3.8e-06,8,1007.7153228745447,3715.3522909716967,10342338.0
8.4e-06,2e-06,6e-06,4e-07,12,1.4718648438530555,3801893.963205545,6669114.0
2e-07,9e-06,6e-06,8.8e-06,2,1687.4610141207552,562.3413251903462,3456089.5
8e-07,1.4e-06,8.2e-06,4.4e-06,6,909.8691643823915,2041.7379446695156,4768994.0
2e-06,7.6e-06,6e-06,5.6e-06,5,1532.0841919218976,2630.267991895363,10745241.0
1.2e-06,1e-06,5.199999999999999e-06,4.9999999999999996e-06,19,476.2523753760356,4365.158322401625,5002849.0
2.4e-06,6.799999999999999e-06,3e-06,1e-06,2,102.47990499078796,56234.1325190343,1496684.6
6.5999999999999995e-06,6.2e-06,4.2e-06,1.6e-06,1,204.6268241955477,30199.517204019863,7360854.0
3e-06,7.8e-06,1.6e-06,4.6e-06,8,0.3923487737855409,9999999.999999812,970463.44
4e-07,8e-06,6.2e-06,5.7999999999999995e-06,6,1394.7660982394211,999.9999999999944,4468847.0
3.6e-06,3.2e-06,2.4e-06,9.6e-06,16,0.07940393426813848,79432823.47242649,941669.75
4.6e-06,7.8e-06,2.8e-06,5.6e-06,16,0.1568705428934939,34673685.045252465,1375354.4
5.4e-06,9.4e-06,9.8e-06,5.4e-06,13,1640.4653272228586,4073.8027780410953,15295107.0
8.4e-06,7.6e-06,5.199999999999999e-06,6.5999999999999995e-06,7,1861.6252278694867,3715.3522909716967,14310858.0
4.4e-06,1.6e-06,3.8e-06,8.4e-06,1,1996.0689393013483,2344.228815319906,8162745.5
8.599999999999999e-06,6.799999999999999e-06,4.6e-06,6.799999999999999e-06,3,1544.2884105847472,2884.031503126585,13134775.0
3.8e-06,4e-07,5.199999999999999e-06,8.8e-06,14,299.16463534581385,9332.54300796983,4206559.5
9.8e-06,5.4e-06,4e-06,5.4e-06,7,270.9717724082376,2344.228815319906,13453779.0
1e-06,1e-06,3.3999999999999996e-06,9.2e-06,4,745.5501209515563,2630.267991895363,4865813.5
7.6e-06,9.8e-06,3.6e-06,1.4e-06,8,26.432904515888456,165958.69074375395,4080926.5
3.2e-06,8e-06,5.199999999999999e-06,5.4e-06,1,1565.0147690533056,3235.9365692962583,8491041.0
6.2e-06,3.6e-06,3e-06,6.4e-06,9,0.2907886549673253,12882495.51693109,3386849.5
7e-06,3.3999999999999996e-06,9.4e-06,4.4e-06,4,1581.6915956953042,4365.158322401625,11109497.0
4.6e-06,6e-07,2.5999999999999997e-06,9e-06,19,294.6179405835026,9772.372209558023,5506758.0
7.6e-06,3.8e-06,4e-06,6.2e-06,5,857.8858660403432,2187.761623949538,12061756.0
4e-07,5.4e-06,7.6e-06,6.4e-06,9,1625.8511012028055,831.7637711026664,4280890.5
1e-06,7.8e-06,8.2e-06,5.7999999999999995e-06,14,1500.581877645222,1737.8008287493642,8397736.0
1.8e-06,5.7999999999999995e-06,9e-06,9.2e-06,5,2382.859518743418,1584.8931924611031,9911030.0
3.3999999999999996e-06,4.2e-06,8.2e-06,5.6e-06,8,1798.1106905640231,2818.3829312644334,11059562.0
8.4e-06,4.4e-06,4.2e-06,2.4e-06,15,142.75491722595447,21379.620895022123,12513977.0
4e-06,9.6e-06,7.8e-06,1.2e-06,16,20.84488494121738,301995.1720401975,2504813.2
8.8e-06,6.5999999999999995e-06,8.8e-06,6.5999999999999995e-06,12,2075.2540653886367,3801.8939632055826,14844477.0
9.2e-06,6.2e-06,3.2e-06,6e-07,9,27.574794258533476,245470.89156849973,6626523.5
2.2e-06,5.7999999999999995e-06,8.599999999999999e-06,3.3999999999999996e-06,15,924.402002833995,4466.835921509595,11054596.0
4.6e-06,8e-07,8.8e-06,6e-06,15,382.4873005086469,10232.929922807454,6402654.0
7.8e-06,8e-06,5.6e-06,1.2e-06,13,24.843472500052115,288403.15031265665,5721409.0
4.2e-06,4e-06,2.4e-06,8.4e-06,14,0.10464886488253251,60255958.60743452,1349060.5
3.6e-06,5.4e-06,7e-06,4.4e-06,13,1377.166305292258,3801.8939632055826,12414060.0
4.4e-06,7.3999999999999995e-06,4.8e-06,2.2e-06,1,300.72252186782885,19952.62314968861,4165254.0
4e-06,5.4e-06,8.8e-06,6.799999999999999e-06,4,2096.434380424326,2754.2287033381467,11784439.0
1.4e-06,4e-06,6.2e-06,3.6e-06,13,992.8663931584019,3019.951720401994,8301270.0
1.2e-06,1e-06,7.3999999999999995e-06,9e-06,9,748.6569639741841,2951.209226666364,5203649.5
9.2e-06,4.6e-06,9.2e-06,2.4e-06,2,514.1721741440075,14791.08388168194,5776564.5
5.7999999999999995e-06,7.3999999999999995e-06,1e-06,2.8e-06,11,0.5456603632268587,6606934.480075838,3165037.2
1e-06,6.5999999999999995e-06,1.8e-06,4.4e-06,13,0.28104495211139824,10232929.922807349,420305.84
4.8e-06,8e-06,9.8e-06,8.2e-06,8,2290.7040176214623,2754.2287033381467,13911594.0
2.5999999999999997e-06,5.6e-06,8.8e-06,6e-07,11,14.020373447519537,426579.51880158647,1463756.8
3.6e-06,8.599999999999999e-06,9e-06,6.4e-06,7,1845.1535201049294,3019.951720401994,13218457.0
3.2e-06,2.4e-06,8.8e-06,2.5999999999999997e-06,3,632.433875048954,7413.102413009111,6470591.0
4.8e-06,7.8e-06,3.6e-06,6e-07,2,147.88435971243362,43651.58322401613,4610802.0
5.4e-06,4.2e-06,6e-07,6e-07,6,26.779099580971664,213796.2089502204,6233192.0
9e-06,2.2e-06,9.4e-06,1e-06,16,3.1648715762481876,2041737.9446694953,4601990.0
7.8e-06,9.4e-06,5.7999999999999995e-06,6.2e-06,5,1808.117570796163,4073.8027780410953,14095002.0
2e-06,4.8e-06,2.4e-06,2e-06,16,2.136872339261641,660693.448007586,2769255.2
8.2e-06,3.3999999999999996e-06,2.8e-06,3.6e-06,14,0.41775930888631835,4570881.896148668,4417591.5
8.599999999999999e-06,4e-07,2.2e-06,3.3999999999999996e-06,6,135.33072271124684,16982.436524617286,12677635.0
1.4e-06,3.3999999999999996e-06,7.8e-06,4e-07,19,0.5848501904548368,4677351.412871897,780914.6
9.4e-06,4.8e-06,4e-07,1.4e-06,3,10.237465816905948,549540.8738576164,12806824.0
7e-06,2.2e-06,5.6e-06,2e-06,1,341.90401473833214,19054.607179632294,6442408.0
1e-06,5.6e-06,4.9999999999999996e-06,9.2e-06,15,2059.9191378603527,1202.2644346174059,7834997.5
9e-06,1.6e-06,6.799999999999999e-06,1.2e-06,8,12.478410860294828,549540.8738576164,6737794.0
5.7999999999999995e-06,7.8e-06,9.8e-06,5.7999999999999995e-06,10,1803.1215156962826,3801.8939632055826,14388416.0
6.2e-06,4.6e-06,9.6e-06,2.2e-06,13,125.29187640648776,53703.17963702469,11226752.0
9.4e-06,3.6e-06,6e-06,3.6e-06,3,1250.7145073684153,6025.595860743527,10172604.0
6.5999999999999995e-06,8.4e-06,9.8e-06,8.599999999999999e-06,9,2395.6677503047335,3019.951720401994,14753810.0
2e-07,6.2e-06,1.8e-06,8.8e-06,10,418.26754032943666,954.9925860214306,3364433.8
3.8e-06,4.2e-06,4.9999999999999996e-06,7.2e-06,10,2021.4300586140052,2511.8864315095625,11583700.0
1.6e-06,1.2e-06,2.2e-06,2.4e-06,8,50.7777066195265,19054.607179632294,5266829.0
5.4e-06,4e-06,3e-06,3.8e-06,2,11.073864309043726,331131.1214825865,4640270.0
7.2e-06,4e-07,3.8e-06,4.6e-06,7,201.28516267421207,16982.436524617286,7518793.5
3.2e-06,4.9999999999999996e-06,8.8e-06,5.199999999999999e-06,4,1676.2445772070114,3019.951720401994,10898724.0
3.8e-06,2e-06,2.5999999999999997e-06,4.2e-06,10,0.6453525199102726,1148153.6214968646,1594015.0
2.5999999999999997e-06,6.4e-06,6e-07,6.799999999999999e-06,5,0.3488711979051251,14454397.707458993,1310631.0
7e-06,6.2e-06,9.6e-06,8.4e-06,2,2533.767091748787,2884.031503126585,12605949.0
8.599999999999999e-06,8.599999999999999e-06,2.8e-06,5.7999999999999995e-06,16,0.14306831485622534,41686938.347032696,3804190.8
2.5999999999999997e-06,2.2e-06,1.2e-06,3.6e-06,15,0.27797371681810623,13803842.64602858,1136540.1
4.8e-06,6.5999999999999995e-06,9.4e-06,8e-06,18,2295.436529305572,2691.5348039268965,14382960.0
9.4e-06,4e-06,9.6e-06,4e-07,9,7.692245759728319,851138.0382023632,5252367.5
9.2e-06,6.5999999999999995e-06,4e-07,2.2e-06,10,0.8900249449753814,4365158.322401581,7692083.0
2.5999999999999997e-06,4e-06,6.2e-06,1.2e-06,1,284.26755720028166,21877.61623949532,1842658.8
4.4e-06,2e-07,6.2e-06,2e-06,8,103.85508544185107,19952.62314968861,2544363.0
6.799999999999999e-06,4e-07,8e-06,4.9999999999999996e-06,10,212.83772222456608,16218.10097358915,4500664.0
1.2e-06,1.6e-06,2.2e-06,8.8e-06,10,342.25904501699597,1513.5612484361984,6108967.5
2.4e-06,1e-06,2.5999999999999997e-06,4.6e-06,4,412.6203792353137,5248.0746024976825,6053395.0
9.4e-06,6e-07,6.4e-06,9.8e-06,9,391.07898732508085,12022.644346174024,6303484.5
8e-07,9.8e-06,9.2e-06,2e-06,8,107.38345164096515,23442.288153199,5977416.5
6e-06,9.8e-06,3.2e-06,2e-06,1,75.72122826478632,75857.75750291752,5130890.0
7.8e-06,2.4e-06,5.7999999999999995e-06,9.2e-06,15,2621.2158409775243,2511.8864315095625,11145337.0
2e-06,4e-07,5.6e-06,5.7999999999999995e-06,17,224.63471535143935,8912.509381337379,3609421.5
1.6e-06,2.8e-06,5.7999999999999995e-06,1e-06,10,20.55267272574228,251188.64315095462,1812498.2
6.799999999999999e-06,7.3999999999999995e-06,2.8e-06,8.2e-06,5,0.3551657085305705,12882495.51693109,4215069.0
4.6e-06,7.2e-06,4.8e-06,4.8e-06,19,1331.6572136602242,3801.8939632055826,14669544.0
1.8e-06,2e-07,5.7999999999999995e-06,7e-06,12,257.58974449860375,6165.95001861477,2533925.5
4.9999999999999996e-06,9.6e-06,7.8e-06,7.6e-06,13,2078.7125558202383,3019.951720401994,15350931.0
6e-06,4.9999999999999996e-06,6.5999999999999995e-06,5.6e-06,10,1810.0548203846167,3630.7805477009856,13052044.0
2.2e-06,2.5999999999999997e-06,8.4e-06,5.199999999999999e-06,18,1643.8243067806377,2290.8676527677576,8825841.0
9.4e-06,7.3999999999999995e-06,4.8e-06,4.4e-06,17,1244.765319257178,4570.881896148713,15849016.0
8.599999999999999e-06,2.2e-06,4e-06,4.9999999999999996e-06,17,1378.0624302676724,3311.311214825886,11017728.0
8.2e-06,2.5999999999999997e-06,4e-07,6e-06,4,0.5420876352864278,8317637.711026555,11130002.0
3.8e-06,5.6e-06,7.2e-06,7.8e-06,2,2284.384300155537,2454.7089156850134,11403767.0
4.2e-06,2e-06,6e-07,5.199999999999999e-06,18,0.11893771436987181,53703179.637024164,3054673.0